,상품명_띄어쓰기_set,상품군,마더코드,상품코드
0,100 경제원장의 통 힘찬 선식 13 커 더 이 쉐이 박스,농수축,100669,202011
1,100 석류 총 제약 5 박스 광동,건강기능,100539,201620
2,11 18 생쥴랑 주얼리 컬렉션 베니스 K 종,잡화,100033,200049
3,11 라텍스 구름 세트 더블 배개 아룬싸왓 천연,생활용품,100823,202423
4,11 린 시 티 뉴 플러스 클레 니 처 메이커 그,주방,100658,201986
5,11 멀티 세트 노와 다지기 만능,주방,100656,201984
6,11 비데 뉴스 무료 노비타 파 일 제조 설치 국내 시불,생활용품,100501,201517
7,11 비데 이자 무 뉴스 무료 노비타 파 제조 설치 국내,생활용품,100501,201515
8,11 삭루츠 TQ 바디백 크로스,잡화,100489,201472
9,11 생쥴랑 D 주얼리 컬렉션 3 입체 K 체인 14 종,잡화,100031,200046
10,11 세트 도마 파뷔에 항균,주방,100478,201453
11,11 세트 칼 도마 파뷔에 항균,주방,100478,201452
12,11 세트 후라이팬 탈 로벤 핑크 블루 파스텔,주방,100725,202119
13,11 스마트 벨라 포트 멀티 세트 홈,주방,100236,200806
14,11 스마트 히팅맘 히터 리모컨 초특가,생활용품,100668,202010
15,11 신세대 kg 김치 포기,농수축,100795,202358
16,11 옷 벨라 걸이 세트 논 홈 슬립,생활용품,100229,200801
17,11 테이블 세트 접이식 까사 마루,생활용품,100135,200364
18,11 푸마 리스 심 니트 뉴 드로즈 스트레치 종,속옷,100610,201867
19,11 푸마 리스 심 드로즈 스트레치 종,속옷,100610,201883
20,11 푸마 셀 엣지 드로즈 썸머 드라이 패키지 종,속옷,100610,201951
21,1125 순금 24 g 더블 목걸이 링크 체인 999 K 루이띠에,잡화,100788,202318
22,1125 순금 24 g 볼륨 반지 999 K 루이띠에 샤인,잡화,100788,202320
23,1125 순금 24 g 팔찌 더블 링크 체인 999 K 루이띠에,잡화,100788,202319
24,1125 순금 g 반지 헤라 루이띠에,잡화,100788,202324
25,12 3300 개월분 박스 프리바이오틱스,건강기능,100044,200122
26,12 구이 NEW 돼지왕 더 맛있는 소들 녘 팩,농수축,100198,200669
27,12 데 프릴 보정 코튼 팬티 일리 레이 종,속옷,100195,200651
28,12 드로즈 카파 패키지 종,속옷,100604,201848
29,12 보디가드 드로즈 남성 종,속옷,100384,201253
30,12 삭루츠 TQ 바디백 크로스,잡화,100489,201473
31,12 삭루츠 백 FW 바디 TQ 크로스,잡화,100488,201467
32,12 삭루츠 백 TQ 바디 크로스,잡화,100489,201471
33,12 생 새우 산 kg 생물 신안 국내,농수축,100547,201633
34,12 세트 이 삽겹 보은의 팩 우,농수축,100002,200002
35,12 세트 카파 브라 팬티 테크 발란스,속옷,100606,201852
36,12 셰프 갈비탕 이봉원 특 뽕 팩,농수축,100496,201497
37,12 완도 입활 전복 kg 한,농수축,100548,201636
38,12 유 The 귀한 팩 열의 kg 귀 누룽지 9 삼계탕 능이,농수축,100169,200582
39,12 큐브 정품 지니어스 독일 세트 채칼 매직 종,주방,100431,201344
40,12 푸마 드로즈 코튼 라이크라 종,속옷,100610,201901
41,18 목걸이 K 베르니아 루이띠에,잡화,100786,202306
42,18 반지 K 베르니아 루이띠에,잡화,100786,202304
43,18 세트 주얼리 K 베르니아 루이띠에,잡화,100786,202308
44,18 세트 팔찌 목걸이 K 베르니아 루이띠에,잡화,100786,202307
45,18 세트 팔찌 반지 K 베르니아 루이띠에,잡화,100786,202310
46,18 코코 생쥴랑 다이아 목걸이 K 천연,잡화,100033,200051
47,18 코코 생쥴랑 세트 팔찌 다이아 목걸이 K 천연,잡화,100033,200052
48,18 코코 생쥴랑 팔찌 다이아 K 천연,잡화,100033,200053
49,18 팔찌 K 베르니아 루이띠에,잡화,100786,202309
50,19 Fall 종 실켓티 유리 코튼 5 블라우스 블렌딩 진,의류,100181,200611
51,19 SS 남성 트레킹화 월드컵,잡화,100731,202135
52,19 남성 EXR 리버시 블 FW 자켓,의류,100296,200958
53,19 남성 KSWISS 벤치 FW 코트,의류,100249,200833
54,19 남성 KSWISS 벤치 FW 코트 테크 웜,의류,100249,200834
55,19 남성 트레킹화 3 FW AAA 종,잡화,100006,200008
56,19 라벨 폴로셔츠 SS 남성 화이트 USPA 3 종,의류,100374,201198
57,19 멀티 세트 남성 EXR 3 FW 패키지 종,의류,100297,200959
58,19 모피 대동 폭스 베스트 FW,의류,100062,200152
59,19 에어 남성 러닝화 월드컵 FW,잡화,100729,202126
60,1등 18 우촌 로스 목 급 오리 팩,농수축,100053,200136
61,1등 22 221 L 딤채 급 김치냉장고 LDL DHWJJ,가전,100091,200249
62,1등 221 L 딤채 급 김치냉장고,가전,100091,200248
63,1등 467 L 딤채 급 김치냉장고,가전,100091,200250
64,1등 에어컨 LRV 형 7 07 위니아 급 CLH 인버터,가전,100092,200251
65,20 손질왕 바다 꼬막 우리 팩,농수축,100435,201349
66,21 곡물 그대로 20 봉 구워 만든 3 종,농수축,100016,200026
67,22 에어컨 8 V LG FQ 휘센 17 일 1 WWJ in 위너 시불,가전,100149,200546
68,22 에어컨 8 V 이자 LG 무 FQ 17 1 WWJ in 위너 휘센,가전,100149,200479
69,24 바다 손질왕 꼬막 우리 팩,농수축,100435,201350
70,24 산 kg 꽃게 절단 피시원 국내 햇,농수축,100492,201486
71,281 퓨리 DAW LG AS 공기청정기 일 케어 시불,가전,100153,200535
72,281 퓨리 이자 LG 무 AS 공기청정기 DAW 케어,가전,100153,200467
73,3080 AX 공기청정기 세트 일 1 40 스카이 DMD N 블루 시불 삼성,가전,100578,201767
74,3080 AX 공기청정기 세트 일 40 스카이 DMD N 블루 시불 2 삼성,가전,100578,201768
75,3080 이자 무 AX 공기청정기 세트 1 40 스카이 DMD N 블루 삼성,가전,100578,201715
76,3080 이자 무 AX 공기청정기 세트 40 스카이 DMD N 블루 2 삼성,가전,100578,201716
77,33 11 섬진강 kg 김정문의 팩 재첩국,농수축,100704,202069
78,35 삭루츠 토트백 TQ,잡화,100489,201474
79,35 순금 g 골드바 러브 목걸이 1 샤이닝 루이띠에,잡화,100788,202339
80,35 순금 g 골드바 러브 팔찌 1 샤이닝 루이띠에,잡화,100788,202340
81,35 완도 청정 전복 수산 미 활,농수축,100832,202444
82,4 100 무 석류 리얼 착즙 박스,건강기능,100532,201609
83,4 100 석류 일 리얼 착즙 박스,건강기능,100532,201610
84,4 100 석류 총 리얼 착즙 박스,건강기능,100532,201608
85,4 11 스피드 랙 베이직 단,생활용품,100347,201086
86,4 19 SS 남성 쿨 팬츠 여름 팜스프링스 종,의류,100422,201327
87,4 19 페플 Fall 니트 오버 제이 럼 소프트 루즈 풀 종,의류,100093,200254
88,4 ARS 칼리 베이직 시즌 백 브릭 2019 3 패 종,잡화,100069,200190
89,4 ARS 크로커다일 세트 레이스 브라 팬티 커버 10 풀,속옷,100664,201997
90,4 L 에어 프라이어 노와 용량 대 스텐,주방,100657,201985
91,4 PAT CERINI 스웨터 니트 남성 by 종,의류,100809,202376
92,4 PK 티셔츠 남성 KSWISS 6월 종,의류,100251,200841
93,4 PK 티셔츠 남성 KSWISS 종,의류,100251,200840
94,4 PK 티셔츠 여성 KSWISS 6월 종,의류,100251,200854
95,4 PK 티셔츠 여성 KSWISS 종,의류,100251,200853
96,4 The 크로커다일 쇼츠 편안한 세트 코튼 브라 팬티 이 너 2 종,속옷,100664,202000
97,4 The 크로커다일 편안한 세트 코튼 브라 팬티,속옷,100664,201999
98,4 곱창 a 볶음 순대 팽현숙의 전골,농수축,100430,201343
99,4 기모 세트 종 풀코디 윈터 보코,의류,100815,202417
100,4 더블유 니트 종 베일 캐시라 이크,의류,100335,201047
101,4 도어 8 R 9000 S 공기청정기 RF 일 T 84 시불 9003 삼성 냉장고,가전,100574,201734
102,4 도어 8 이자 무 9000 R S 공기청정기 RF T 84 냉장고 삼성 9003,가전,100574,201681
103,4 도어 푸드 R 쇼케이스 선풍기 RH 81 일 8011 G 시불 2 삼성 냉장고,가전,100574,201735
104,4 도어 푸드 이자 무 쇼케이스 R 선풍기 RH 81 8011 G 냉장고 2 삼성,가전,100574,201682
105,4 런닝형 푸마 8월 셀 탑 세트 브라 드라이 종,속옷,100612,201870
106,4 런닝형 푸마 셀 탑 세트 브라 드라이 종,속옷,100612,201869
107,4 레깅스 기모 치마 몬테 밀라노 웜 종,속옷,100277,200902
108,4 레깅스 프리 무빙 헤드 패키지 종,속옷,100620,201922
109,4 로베르 타 종 까 세트 아쿠아 백 메리노 디 팩 마레,잡화,100600,201842
110,4 리스 심 벨레즈 온 패키지 원피스 종,속옷,100348,201091
111,4 맨 투맨 라벨 남성 화이트 USPA 종,의류,100374,201213
112,4 모자 핸드백 스케라 스카프 컬렉션 1 마 썸머 2 종,잡화,100679,202026
113,4 병 안심 농협 벌꿀,농수축,100740,202171
114,4 브릭백 칼리 베이직 세트 패 종,잡화,100069,200192
115,4 샘 인용 클라이너 소파 무한 리 페이지,가구,100504,201535
116,4 샘 인용 클라이너 소파 일 리 한 페이지,가구,100504,201552
117,4 샘 인용 퍼스 무 티지 R 클라이너 뉴 리 한,가구,100504,201527
118,4 수트 19 남성 네이처 FW 마모트 종,의류,100406,201292
119,4 수트 여성 19 네이처 FW 마모트 종,의류,100406,201293
120,4 스웨터 남성 도네이 터틀넥 종,의류,100221,200771
121,4 스테이크 하림 봉 치킨,농수축,100498,201500
122,4 스튜디오 럭스 밴딩 팬츠 종,의류,100338,201053
123,4 스피드 랙 베이직 단,생활용품,100347,201084
124,4 시 19 페플 Fall 제이 밴딩 럼 니 팬츠 처 그 종,의류,100094,200256
125,4 액티브 남성 베이스 헤드 레이어 종,속옷,100616,201910
126,4 업 여성 옴니 베이스 컬럼비아 히트 레이어 종,속옷,100596,201831
127,4 업 옴니 남성 베이스 컬럼비아 히트 레이어 종,속옷,100596,201829
128,4 에버 백 라스트 팩 종,잡화,100482,201458
129,4 여 맨 투맨 라벨 화이트 USPA 성 종,의류,100374,201217
130,4 여성 19 SS 쿨 팬츠 여름 팜스프링스 종,의류,100422,201328
131,4 여성 세트 쎄 풀코디 썸머 예 종,의류,100649,201970
132,4 여성 스웨터 도네이 터틀넥 종,의류,100221,200772
133,4 여성 액티브 베이스 헤드 레이어 종,속옷,100616,201914
134,4 여성 페리 니트 임 얼 종,의류,100583,201798
135,4 오 업 모 시즌 레이스 패키지 도 텐션 떼 360,속옷,100305,200970
136,4 오 프레 데 모 후크 시즌 쉬 프런트 오브라 떼,속옷,100305,200990
137,4 원목 세트 도마 마호가니 쓰임 종,주방,100180,200607
138,4 유 The 귀한 열의 갓김치 귀 kg 오이소박이 총 6 2,농수축,100167,200580
139,4 인 벨 P 세트 일 27 홈 마리 시불 쓰임,주방,100179,200609
140,4 인 이자 무 P 세트 27 홈 마리 쓰임 벨,주방,100179,200606
141,4 인용 가죽 네오 보루 소 소파 일 피 연 천 올레,가구,100203,200707
142,4 인용 가죽 무 네오 보루 소 소파 피 연 천 올레,가구,100203,200690
143,4 인용 가죽 소파 연 천 우아미,가구,100388,201277
144,4 인용 샘 퍼스 티지 R 클라이너 뉴 일 리 한,가구,100504,201544
145,4 잭 반 남성 셔츠 팔 필드 종,의류,100650,201971
146,4 주얼 PAT CERINI 종 남성 셔츠 by 캐,의류,100809,202394
147,4 쥐포 양태 8 아구 채 바다원 소스 3 더 2 팩 그릴 종,농수축,100564,201662
148,4 청소기 도어 푸드 R 쇼케이스 RH 81 일 8011 G 제조 국내 시불 2 삼성 냉장고,가전,100574,201733
149,4 청소기 도어 푸드 이자 무 쇼케이스 R RH 81 8011 G 제조 국내 냉장고 2 삼성,가전,100574,201703
150,4 칼리 베이직 시즌 백 브릭 2019 3 패 종,잡화,100069,200189
151,4 캐시 그렉 노먼 남성 터치 터틀넥 종,의류,100377,201225
152,4 캐시 그렉 여성 노먼 터치 터틀넥 종,의류,100377,201231
153,4 코펜하겐 니트 럭스 판초 종,의류,100344,201066
154,4 코펜하겐 코팅 럭스 밴딩 팬츠 종,의류,100343,201065
155,4 크로커다일 세트 레이스 브라 팬티 커버 풀,속옷,100664,202004
156,4 텀블러 1 블 랜더 in 델첸,주방,100117,200318
157,4 티셔츠 8월 PAT 어반 CERINI 남성 카라 by 종,의류,100809,202384
158,4 티셔츠 PAT 어반 CERINI 남성 카라 by 종,의류,100809,202383
159,4 티셔츠 PAT 에어 CERINI 남성 카라 by 종,의류,100809,202385
160,4 티셔츠 PAT 에어 카타 CERINI 남성 by 종,의류,100809,202386
161,4 티셔츠 남성 썸머 젠트웰 종,의류,100714,202084
162,4 티셔츠 남성 쿨 썸머 젠트웰 종,의류,100714,202086
163,4 티셔츠 반바지 남성 1 라운드 르까프 종,의류,100106,200297
164,4 티셔츠 반바지 여성 1 라운드 르까프 종,의류,100106,200299
165,4 티셔츠 여성 테이 트 종,의류,100346,201083
166,4 페리 니트 남성 임 얼 종,의류,100583,201791
167,4 푸마 셀 탑 세트 끈형 브라 드라이 종,속옷,100612,201868
168,4 푸마 셀 탑 포트 세트 형 긴 레이어 브라 드라이 팔 컴 종,속옷,100612,201878
169,4 푸마 에어 포트 세트 15 브라 핏 서 종,속옷,100607,201892
170,4 프린팅 몬테 썸머 밀라노 원피스 종,속옷,100275,200900
171,400 두꺼비 젤 매 곰팡이 개 수세미 버블 매직 2,주방,100508,201569
172,48 호보백 삭루츠 TQ,잡화,100489,201477
173,55 삭루츠 TQ 투 백 웨이 FW 팩,잡화,100488,201468
174,55 삭루츠 투 백 웨이 TQ 팩,잡화,100489,201476
175,5774 18 선풍기 T 삼성 무풍 WZRT AF 2 SFNM GFGB 슬림 모델 대 신 35 에어컨 멀티 형홈,가전,100573,201726
176,5774 18 선풍기 T 삼성 무풍 WZRT AF 2 SFNM 슬림 GABL 일 대 35 에어컨 멀티 20년 시불 형홈,가전,100573,201732
177,5774 무 18 선풍기 T 삼성 무풍 이자 WZRT AF 2 SFNM 슬림 GABL 대 35 에어컨 멀티 20년 형홈,가전,100573,201680
178,5774 무 선풍기 형 화이트 T 16 삼성 무풍 이자 WZRT 홈 절전 AF 2 SFNM 슬림 GABL 대 35 멀티 20년,가전,100573,201678
179,5774 선풍기 형 화이트 T 16 삼성 무풍 WZRT 홈 절전 AF 2 SFNM GFGB 슬림 모델 대 신 35 멀티,가전,100573,201725
180,5774 선풍기 형 화이트 T 16 삼성 무풍 WZRT 홈 절전 AF 2 SFNM 슬림 GABL 일 대 35 멀티 20년 시불,가전,100573,201730
181,5774 스탠드 18 선풍기 형 화이트 T WZT 삼성 무풍 절전 AF 2 SFNM GFGB 슬림 모델 대 신 35,가전,100573,201727
182,5774 스탠드 18 선풍기 형 화이트 T WZT 삼성 무풍 절전 AF 2 SFNM 슬림 GABL 일 대 35 20년 시불,가전,100573,201731
183,5774 스탠드 무 18 선풍기 형 화이트 T WZT 삼성 무풍 이자 절전 AF 2 SFNM 슬림 GABL 대 35 20년,가전,100573,201679
184,5774 스탠드 무 선풍기 형 화이트 T 16 WZT 삼성 무풍 이자 절전 AF 2 SFNM 슬림 GABL 대 35 20년,가전,100573,201677
185,5774 스탠드 선풍기 형 화이트 T 16 WZT 삼성 무풍 절전 AF 2 SFNM GFGB 슬림 모델 대 신 35,가전,100573,201724
186,5774 스탠드 선풍기 형 화이트 T 16 WZT 삼성 무풍 절전 AF 2 SFNM 슬림 GABL 일 대 35 20년 시불,가전,100573,201729
187,58 L 에어 프라이어 일 플라워 대 키친 용량 시불,주방,100231,200808
188,58 이자 무 에어 L 프라이어 플라워 용량 대 키친,주방,100231,200794
189,600 제이드 가구 교자상 노송 비취,생활용품,100789,202345
190,6800 HNC LG 70 UK 울트라 일 TV 시불 HD,가전,100148,200515
191,6800 HNC LG UK 울트라 일 65 TV 시불 HD,가전,100148,200510
192,6800 HNC LG UK 울트라 일 TV 시불 55 HD,가전,100148,200501
193,6800 이자 LG 무 HNC 70 UK 울트라 TV HD,가전,100148,200448
194,6800 이자 LG 무 HNC UK 울트라 65 TV HD,가전,100148,200443
195,6800 이자 LG 무 HNC UK 울트라 TV 55 HD,가전,100148,200434
196,7 산 자숙찰 국내 골뱅이 팩,농수축,100703,202068
197,7 에너지 실라 스틱 썬 그린 엘렌,이미용,100773,202260
198,75 UHD F UN 일 NU TV 7050 시불 삼성,가전,100575,201746
199,75 UHD UN 일 NU TV 7010 시불 FXKR 삼성,가전,100575,201745
200,7850 LG 75 큐 AI 지능 형 울트라 씽 UN 인공 ThinQ TV KNA HD,가전,100148,200422
201,7850 LG 큐 AI 지능 형 울트라 씽 UN 인공 ThinQ 65 TV KNA HD,가전,100148,200419
202,7850 LG 큐 AI 지능 형 울트라 씽 UN 인공 ThinQ TV KNA 55 HD,가전,100148,200416
203,7월 라이트 드로즈 헤드 패키지 10 파이로 종,속옷,100618,201917
204,7월 이자 무 헤드 언더셔츠 6 패키지 종,속옷,100598,201837
205,7월 일 언더셔츠 헤드 6 패키지 시불 종,속옷,100598,201839
206,8 7월 라이트 헤드 패키지 트렁크 파이로 종,속옷,100618,201920
207,8 T 84 34 삼성 냉장고 AX 공기청정기 3020 5 WWD R RF 일 9203 도어 S 9000 시불,가전,100574,201773
208,8 g x 소 AAB 곱창전골 800 의 팩,농수축,100010,200014
209,8 kg 캘리포니아 카라 오렌지,농수축,100745,202184
210,8 녹두 삼계탕 팩 AAC,농수축,100014,200019
211,8 드로즈 바로셀로나 FC 라 쉬반 종,속옷,100099,200274
212,8 라이트 헤드 패키지 트렁크 파이로 종,속옷,100618,201918
213,8 명인 젓갈 통 세트 김정배,농수축,100705,202070
214,8 무 시카고 T 84 삼성 이자 5 커트 러리 p R RF 9203 도어 S 9000 세트 초특가 냉장고,가전,100574,201723
215,8 반 산 팩 건조 국내 우럭,농수축,100546,201632
216,8 보디가드 남성 트렁크 종,속옷,100384,201252
217,8 유 The 귀한 무료 세트 열의 소 귀 1 마리 한 팩찜탕 체험 포함 팩,농수축,100172,200586
218,8 유 The 귀한 팩 열의 귀 누룽지 삼계탕 능이,농수축,100169,200583
219,8 유 The 꼬리곰탕 귀한 열의 귀 팩,농수축,100168,200581
220,8 종 컬렉션 글로리아 목걸이 K 14 생줄랑,잡화,100032,200047
221,8 클 전용 렌즈 분 주 보틀 박스 밀싹,건강기능,100263,200877
222,8 푸마 셀 패키지 드라이 트렁크 스트레치 종,속옷,100610,201949
223,80 R AX 공기청정기 7000 일 스카이 WDD 블루 시불 7580 삼성,가전,100578,201766
224,80 산돌 g 슬로푸드 x 포 품은 배즙 6 도라지 10 박스,농수축,100587,201805
225,80 이자 무 AX R 공기청정기 7000 스카이 WDD 블루 7580 삼성,가전,100578,201714
226,8월 SS 세트 트레이닝 NNF,의류,100452,201396
227,8월 렉스 인견 브라 풍기 뷰티플 패키지,속옷,100776,202272
228,8월 렉스 인견 풍기 뷰티플 2 원피스 종,속옷,100777,202274
229,8월 플 세트 썸머 크리스티나 리츠 앤코,의류,100460,201421
230,978 청소기 A SAAKOR 코드 LG 일 전자 제로 시불,가전,100152,200557
231,978 청소기 A SAAKOR 코드 이자 LG 무 전자 제로,가전,100152,200490
232,A 오백 티니 메디 마르 쎄 클라 1 소프트 알비에로,잡화,100845,202493
233,A 클래식 티니 마르 쎄 클라 1 스퀘어 알비에로 크로스,잡화,100845,202503
234,A 티니 라이트 지 마르 쎄 클라 1 백 알비에로 팩 오맵,잡화,100845,202498
235,A 티니 라이트 지 마르 쎄 클라 1 알비에로 숄더백 오맵,잡화,100845,202499
236,A 티니 마르 쎄 클라 1 알비에로 프리다 숄더백,잡화,100845,202504
237,A 티니 버킷 마르 쎄 클라 1 백 드로잉 알비에로,잡화,100845,202492
238,A 티니 쁘띠 마르 지오 쎄 클라 1 쇼퍼백 알비에로,잡화,100845,202495
239,A 티니 스카프 지 마르 쎄 클라 1 울 실크 알비에로 오맵,잡화,100846,202500
240,A 티니 스톨라 마르 지오 쎄 클라 1 머플러 숄 알비에로,잡화,100845,202496
241,A 티니 일드 마르 쎄 클라 1 마 백 스퀘어 알비에로 크로스,잡화,100845,202494
242,A 티니 지 마르 쎄 클라 1 알비에로 호보백 오맵,잡화,100845,202501
243,A 티니 집어 지갑 라운드 장 마르 쎄 클라 1 알비에로,잡화,100845,202502
244,A 티니 케이프 마르 지오 쎄 클라 1 버튼 울 알비에로,잡화,100845,202497
245,AAE 7 갈비 팩 LA,농수축,100022,200033
246,B 건조기 DV kg 0 일 화이트 M 53 QW 9 시불 90 삼성,가전,100576,201755
247,B 비어 건조기 DV kg 0 일 QV 케 블랙 M 53 9 시불 90 삼성,가전,100576,201753
248,B 실버 QP 건조기 DV kg 0 일 M 53 이 90 9 시불 녹스 삼성,가전,100576,201754
249,BB 스타 기 의류 LG S 일 5 관리 벌 시불 일러,가전,100154,200548
250,BB 스타 기 이자 LG 무 의류 S 5 관리 벌 일러,가전,100154,200481
251,BBCIZUMI 레이스런 브라 닝 패키지,속옷,100692,202054
252,BCSS 블루투스 1000 데시벨 이어폰 블루 콤,생활용품,100147,200409
253,BNA LG 75 UM 울트라 TV 7900 HD,가전,100148,200413
254,BNA LG 75 UM 울트라 일 TV 7900 시불 HD,가전,100148,200528
255,BNA LG UM 울트라 65 TV 7900 HD,가전,100148,200412
256,BNA LG UM 울트라 TV 7900 55 HD,가전,100148,200411
257,BNA LG UM 울트라 일 65 TV 7900 시불 HD,가전,100148,200514
258,BNA LG UM 울트라 일 TV 7900 시불 55 HD,가전,100148,200505
259,BNA 이자 LG 무 75 UM 울트라 TV 7900 HD,가전,100148,200460
260,BNA 이자 LG 무 UM 울트라 65 TV 7900 HD,가전,100148,200447
261,BNA 이자 LG 무 UM 울트라 TV 7900 55 HD,가전,100148,200438
262,COVi 230 일 쿠첸 KGF 전자레인지 시불 인버터,주방,100449,201389
263,CUBE RPM 일 리큅 시불 블렌더,주방,100113,200312
264,CUBE 이자 무 RPM 리큅 블렌더,주방,100113,200311
265,E 에트로 뉴 1 숄더백 컬러 552,잡화,100084,200224
266,EV 020 이자 무 시리즈 이볼브 선일금고,생활용품,100182,200612
267,EV 020 일 시리즈 이볼브 시불 선일금고,생활용품,100182,200614
268,EV 이자 무 시리즈 이볼브 선일금고 040,생활용품,100182,200613
269,EV 일 040 시리즈 이볼브 시불 선일금고,생활용품,100182,200615
270,FOS 랩 비비 뉴 트리원 프리바이오틱스,건강기능,100058,200145
271,Fit 비비안 Dream 스킨 남영 핏 브라 팬티,속옷,100696,202060
272,GAR 노트북 LG 980 15 일 그램 3 Z 인치 시불 DK,가전,100151,200495
273,GAR 노트북 이자 LG 무 980 15 그램 3 Z 인치 DK,가전,100151,200428
274,GG 스카프 구찌 울 실크,잡화,100036,200058
275,H 1 크로스백 아르니 카 5032388 에트로,잡화,100084,200225
276,H 9632734 1 토트백 아르니 카 에트로,잡화,100084,200226
277,JK X 노트북 메탈 NT 900 일 5 9 시불 14 삼성 기본형,가전,100577,201758
278,JK X 노트북 메탈 고급형 28 NT 900 일 5 9 시불 삼성,가전,100577,201756
279,JK X 노트북 이자 무 메탈 NT 900 5 9 14 삼성 기본형,가전,100577,201706
280,JK X 노트북 이자 무 메탈 고급형 28 NT 900 5 9 삼성,가전,100577,201704
281,K 18 귀걸이 베르니아 루이띠에,잡화,100786,202305
282,K 가구 일 LED 서랍형 니 비 제 삼익 침대,가구,100500,201508
283,KNB LG 75 UK 울트라 일 TV 6200 시불 HD,가전,100148,200524
284,KNB 무 이자 LG 75 UK HD 울트라 카드 6월 5 TV 6200 삼성,가전,100148,200410
285,KNB 이자 LG 무 75 UK 울트라 TV 6200 HD,가전,100148,200456
286,KWA 에어컨 V 19 LG FQ 큐 휘센 씽 스탠드형 일 1 9 시불,가전,100149,200545
287,KWA 에어컨 V 19 LG IN FQ 휘센 형 일 1 2 9 시불 싱큐,가전,100149,200537
288,KWA 에어컨 V LG FQ 큐 휘센 17 씽 스탠드형 일 1 9 시불,가전,100149,200542
289,KWA 에어컨 V LG IN 큐 휘센 FQ 형 17 씽 일 1 9 시불 2,가전,100149,200539
290,KWA 에어컨 V 이자 LG 무 IN FQ 19 형 1 2 9 휘센 싱큐,가전,100149,200469
291,KWA 에어컨 V 이자 LG 무 큐 FQ 17 씽 스탠드형 1 9 휘센,가전,100149,200474
292,KWA 에어컨 V 이자 LG 무 큐 FQ 19 씽 스탠드형 1 9 휘센,가전,100149,200477
293,KWA 에어컨 V 이자 LG 무 큐 IN FQ 형 17 씽 1 9 휘센 2,가전,100149,200471
294,L 김치냉장고 467 딤채,가전,100091,200253
295,L 김치냉장고 딤채 221,가전,100091,200252
296,LG 75 KNA UK 울트라 일 TV 7400 시불 HD,가전,100148,200526
297,LG KNA 70 UK 울트라 일 TV 7400 시불 HD,가전,100148,200519
298,LG R 로보킹 일 전자 46 RIM 시불 터보,가전,100156,200550
299,LG S 75 온 SN 831 일 노크 전자 스페이스 매직 시불 냉장고,가전,100155,200549
300,LG 아우라 농축 유연제 섬유 생활 고 샤프란 건강,생활용품,100330,201036
301,LG 유취 생활 제거 특 액체 세제 테크 건강,생활용품,100329,201037
302,LG 일 전자 스페이스 매직 시불 냉장고,가전,100155,200556
303,MKRA 에어컨 DTB 걸이 벽 쎄 클라 06,가전,100290,202242
304,NEW 에펨 포트 슈즈 남성 쥬얼 캐 컴,잡화,100781,202283
305,NNF 텐셀 3 팬츠 종,의류,100457,201410
306,PK 티셔츠 세트 남성 젼 릴리,의류,100380,201244
307,PK 티셔츠 여성 세트 젼 릴리,의류,100380,201246
308,PN 죽 이자 무 조기 풍년 꾸노 제,주방,100667,202007
309,PN 죽 조기 일 풍년 꾸노 제 시불,주방,100667,202008
310,PN 티타늄 메가 세트 기본 후라이팬,주방,100003,200004
311,RS 8 S 6000 82 피안 일 M 시불 유로 삼성 냉장고,가전,100574,201771
312,RS 8 이자 무 S 6000 82 피안 M 냉장고 유로 삼성,가전,100574,201719
313,RU 75 UHD UN 일 7150 TV 시불 FXKR 삼성,가전,100575,201748
314,RU TVUN 75 UHD 7150 일 초특가 시불 FXKR 삼성,가전,100575,201781
315,RU TVUN UHD 7150 일 초특가 FXKR 시불 55 삼성,가전,100575,201780
316,RU TVUN 이자 무 75 UHD 7150 FXKR 삼성,가전,100575,201695
317,RU TVUN 이자 무 75 UHD 7150 초특가 FXKR 삼성,가전,100575,201778
318,RU TVUN 이자 무 UHD 7150 FXKR 55 삼성,가전,100575,201694
319,RU TVUN 이자 무 UHD 7150 초특가 FXKR 55 삼성,가전,100575,201777
320,RU UHD UN 일 7150 65 TV 시불 FXKR 삼성,가전,100575,201744
321,RU UHD UN 일 7150 TV FXKR 시불 55 삼성,가전,100575,201740
322,RU UHD UN 일 7150 초특가 TV 65 시불 FXKR 삼성,가전,100575,201779
323,RU 이자 무 UHD UN 7150 65 TV FXKR 삼성,가전,100575,201690
324,RU 이자 무 UHD UN 7150 초특가 TV 65 FXKR 삼성,가전,100575,201776
325,S 흙 일 침대 장수,가구,100373,201195
326,SIFR 써큘 스탠드 DBK 터 일 09 신 블랙 레이,생활용품,100593,201814
327,SIFR 써큘 스탠드 터 일 화이트 09 신 DWH 레이,생활용품,100593,201818
328,SS 가구 일 LED 서랍형 니 비 제 삼익 침대,가구,100500,201510
329,SS 기라로 선글라스 쉬 올인원 2019,잡화,100185,200620
330,TS 보령 조 100 사이즈 흙 농방 이 침대 싱글 황토,가구,100391,201307
331,TS 샴푸 NEW 세트 추가 프리미엄,이미용,100775,202265
332,TS 트리 샴푸 NEW 추가 프리미엄 트먼트,이미용,100775,202264
333,UHD F UN 일 NU 65 TV 7050 시불 삼성,가전,100575,201742
334,UHD F UN 일 NU TV 7050 시불 55 삼성,가전,100575,201739
335,UHD UN 일 NU 65 TV 7010 시불 FXKR 삼성,가전,100575,201741
336,UHD UN 일 NU TV 7010 FXKR 시불 55 삼성,가전,100575,201737
337,UT 사운드 75 형 7000 KU 일 HWT 450 UHDTV 바 시불 FXKR 삼성,가전,100575,201752
338,UT 사운드 이자 무 형 7000 KU HWT 450 UHDTV 바 FXKR 55 삼성,가전,100575,201697
339,UT 사운드 형 7000 KU 일 HWT 450 UHDTV 65 바 시불 FXKR 삼성,가전,100575,201751
340,UT 이자 75 무 형 7000 KU UHDTV FXKR 삼성,가전,100575,201699
341,UT 이자 무 형 7000 KU UHDTV 65 FXKR 삼성,가전,100575,201698
342,UT 파격가 75 형 7000 KU UHDTV FXKR 삼성,가전,100575,201784
343,UT 파격가 형 7000 KU UHDTV 65 FXKR 삼성,가전,100575,201783
344,UT 파격가 형 7000 KU UHDTV FXKR 55 삼성,가전,100575,201782
345,UT 형 7000 KU 일 UHDTV FXKR 시불 55 삼성,가전,100575,201750
346,V 가죽 스니커즈 남성 제옥스,잡화,100173,200590
347,WA BG R 6360 일 워블 세탁기 시불 14 삼성,가전,100579,201770
348,WA BG 이자 무 R 6360 워블 세탁기 14 삼성,가전,100579,201718
349,WN LG 건조기 RH kg 일 화이트 시불 16 트롬,가전,100157,200561
350,WN 이자 LG 무 건조기 RH kg 화이트 16 트롬,가전,100157,200494
351,WN 이자 LG 무 건조기 RH kg 화이트 트롬 14,가전,100157,200493
352,k 18 러브 세트 주얼리 인피니티 루이띠에,잡화,100787,202316
353,k 18 러브 세트 팔찌 인피니티 목걸이 루이띠에,잡화,100787,202315
354,k 18 러브 세트 팔찌 인피니티 반지 루이띠에,잡화,100787,202317
355,k 18 러브 인피니티 귀걸이 루이띠에,잡화,100787,202311
356,k 18 러브 인피니티 목걸이 루이띠에,잡화,100787,202314
357,k 18 러브 인피니티 반지 루이띠에,잡화,100787,202312
358,k 18 러브 팔찌 인피니티 루이띠에,잡화,100787,202313
359,k 18 클로버 귀걸이 루이띠에 샤인,잡화,100786,202331
360,k 18 클로버 목걸이 루이띠에 샤인,잡화,100786,202332
361,k 18 클로버 반지 루이띠에 샤인,잡화,100786,202334
362,k 18 클로버 세트 주얼리 루이띠에 샤인,잡화,100786,202335
363,k 18 클로버 세트 팔찌 목걸이 루이띠에 샤인,잡화,100786,202333
364,k 18 클로버 세트 팔찌 반지 루이띠에 샤인,잡화,100786,202337
365,k 18 클로버 팔찌 루이띠에 샤인,잡화,100786,202336
366,kg 고구마 고창 10 꿀,농수축,100699,202064
367,v 별미 김치 의 3 2 AAC 종,농수축,100012,200020
368,中 완도 26 청정 전복 수산 사이즈 미 활,농수축,100832,202447
369,中 완도 청정 전복 수산 사이즈 1718 kg 1 미 이상 활,농수축,100832,202446
370,가구 일 LED 서랍형 니 비 제 삼익 침대 Q,가구,100500,201509
371,가디건 크리스티나 세트 앤코,의류,100458,201411
372,가마솥 세트 옥샘쿡 3 만능 종,주방,100410,201299
373,가스 만능 안타고 그릴,주방,100509,201570
374,가자미 동해안 반 20 건조 마리,농수축,100301,200966
375,가죽 구름 샌들 소 남성 AAD,잡화,100018,200028
376,가죽 네오 탑 보루 일 침대 슈퍼 싱글 유로,가구,100205,200717
377,가죽 레 노마 남성 장갑 양 2 종,잡화,100034,200054
378,가죽 무 네오 탑 보루 침대 슈퍼 싱글 유로,가구,100205,200700
379,가죽 샌들 소 투 웨이 AAD,잡화,100021,200031
380,가죽 소 온 AAD 슬립 데이 올,잡화,100020,200030
381,가죽 스니커즈 남성 제옥스,잡화,100173,202214
382,가죽 에펨 샌들 소 남성 체인지,잡화,100782,202287
383,가죽 타 소 쿠션 로퍼 아가 데이,잡화,100754,202203
384,간치니 가모 선글라스 페라 쥬얼리,잡화,100663,201996
385,갈비 팩 김선영 6 정성한 끼 LA,농수축,100318,201005
386,갈비탕 소들 녘 소,농수축,100199,200670
387,감성 남성 셔츠 자연 2 종,의류,100727,202122
388,감성 드로즈 남성 반 자연 세트 팔 상하,속옷,100726,202120
389,감성 반 남성 세트 자연 런닝 팔 상하,속옷,100726,202121
390,감성 반 남성 세트 자연 팔 트렁크 상하,속옷,100726,202123
391,감자탕 8 통뼈 팩,농수축,100114,200313
392,감탄 크로커다일 레이스 브라 패키지 렛,속옷,100664,202002
393,개 봉 농협 30 10 옥수수 대학 찰,농수축,100041,200114
394,거창 사과 특등급 kg 5,농수축,100337,201049
395,거창 사과 특등급 커진 kg 5 더,농수축,100337,201051
396,건조기 세트 진나 일 살균 쿠 이프 케어 시불 풀,주방,100771,202256
397,경남 S 레모나 포 산 제약 350,건강기능,100536,201615
398,경추 자미 코코 더블 텐셀 접이식 초특가 3 단 매트 베개,생활용품,100174,200598
399,경추 자미 코코 접이식 텐셀 초특가 3 단 매트 베개 싱글,생활용품,100174,200597
400,고급형 인덕션레인지 하이브리드 일 쿠쿠 시불,주방,100839,202476
401,고데 플러스 롤,이미용,100697,202061
402,고등어 팩 안동간 20,농수축,100253,200864
403,고춧가루 청결 kg 천 2 예,농수축,100707,202075
404,골드 K 생쥴랑 컬렉션 베스트 5 귀걸이 14 종,잡화,100031,200048
405,골드 k 18 그레이스 귀걸이 루이띠에,잡화,100786,202297
406,골드 k 18 그레이스 목걸이 루이띠에,잡화,100786,202298
407,골드 k 18 그레이스 반지 루이띠에,잡화,100786,202300
408,골드 k 18 그레이스 세트 주얼리 루이띠에,잡화,100786,202301
409,골드 k 18 그레이스 세트 팔찌 목걸이 루이띠에,잡화,100786,202299
410,골드 k 18 그레이스 세트 팔찌 반지 루이띠에,잡화,100786,202303
411,골드 k 18 그레이스 팔찌 루이띠에,잡화,100786,202302
412,골드 과 프리 제스 키위 48,농수축,100559,201656
413,골드 듀 베이직 펌프스 링 메이 2 종,잡화,100385,201254
414,골드 란쥬 무빙 라벨 프릴 레이,속옷,100192,200648
415,골드 비버리힐스 세트 2018 남성 폴로 클럽 FW 기초,이미용,100074,200197
416,골드 비버리힐스 세트 남성 폴로 클럽 기초 플라,이미용,100074,200200
417,골드 비버리힐스 세트 선크림 남성 폴로 클럽 기초,이미용,100074,200198
418,골드 비버리힐스 콜라겐 세트 남성 폴로 클럽 기초,이미용,100074,200199
419,골드 생 락토핏 일 종근당 유산균 시불 건강,건강기능,100654,201978
420,골드 생 락토핏 하루 일 종근당 유산균 단 시불 건강,건강기능,100654,201980
421,골드 세트 센티 퓨저 1 디 멘탈,생활용품,100395,201272
422,골드 세트 센티 퓨저 5 패키지 디 멘탈,생활용품,100395,201278
423,골드 이자 무 생 락토핏 종근당 유산균 건강,건강기능,100654,201975
424,골드 이자 무 생 락토핏 하루 종근당 유산균 단 건강,건강기능,100654,201977
425,골드 파일 세트 여행 가방 9 카로 종,잡화,100401,201285
426,골든 마스터 타 펌프스 1 플랫슈즈 아가 2 종,잡화,100753,202202
427,골프 남성 밴딩 3 썸머 팬츠 이동수 종,의류,100412,201303
428,골프 반바지 세트 남성 코튼 3 헨리 종,의류,100291,200940
429,골프 반바지 여성 세트 코튼 3 헨리 종,의류,100291,200941
430,골프 본 남성 플렉스 원더 팬츠 딩 3 이동수 종,의류,100413,201304
431,골프 본 여성 플렉스 원더 팬츠 딩 3 이동수 종,의류,100413,201306
432,골프 여성 밴딩 3 썸머 팬츠 이동수 종,의류,100412,201305
433,곰탕 우소 머리양 한 AAC,농수축,100013,200018
434,곱창 막창구이 세트 마음 심은,농수축,100008,200012
435,과메기 세트 포항 구룡포,농수축,100359,201146
436,광폭 1000 네오 보루 서랍장 5 단 심플,가구,100206,200740
437,광폭 네오 보루 서랍장 800 3 단 심플,가구,100206,200741
438,광폭 네오 보루 서랍장 800 5 단 심플,가구,100206,200742
439,구 ARS 뱅뱅 스 남성 다운 2 종,의류,100128,200338
440,구 ARS 여성 뱅뱅 스 다운 2 종,의류,100128,200348
441,구 PN 통 S IH 인덕션 1 3 프리미엄 압력솥 베르투 중,주방,100004,200005
442,구 PN 티타늄 메가 IH 인덕션 세트 후라이팬 1 풀,주방,100003,200003
443,구 간편 린 이자 무 자동 나이 불꽃 쿡 가스레인지 조절 2,주방,100765,202229
444,구 간편 린 이자 무 자동 나이 불꽃 쿡 가스레인지 조절 3,주방,100765,202230
445,구 간편 린 자동 나이 불꽃 일 쿡 가스레인지 조절 3 시불,주방,100765,202238
446,구 간편 린 자동 나이 불꽃 일 쿡 가스레인지 조절 시불 2,주방,100765,202237
447,구 그렉 롱 스 노먼 남성 다운 벤치 코트,의류,100377,201220
448,구 그렉 여성 롱 스 노먼 다운 벤치 코트,의류,100377,201226
449,구 린 엣지 나이 가스레인지 압력솥 2,주방,100765,202224
450,구 린 엣지 나이 까 사니 가스레인지 압력솥 2,주방,100765,202223
451,구 린 이자 자동 무 나이 불꽃 가스레인지 조절 2,주방,100765,202227
452,구 린 이자 자동 무 나이 불꽃 가스레인지 조절 3,주방,100765,202231
453,구 린 자동 나이 불꽃 일 가스레인지 조절 3 시불,주방,100765,202235
454,구 린 자동 나이 불꽃 일 가스레인지 조절 시불 2,주방,100765,202233
455,구 뱅뱅 스 남성 다운 2 종,의류,100128,200337
456,구 손질 세트 생선 광어 고등어 흑 대 돼지 3 제주 맛있는 갈치 이,농수축,100177,200602
457,구 여성 뱅뱅 스 다운 2 종,의류,100128,200347
458,구미 시즌 다이어트 뉴 트리원 2,건강기능,100057,200143
459,구스터 1 세트 티포트,주방,100228,200791
460,구스터 세트 11 티포트,주방,100228,200790
461,구이 고등어 세트 제주 갈치,농수축,100177,200604
462,구이 소 갈비살 전철 10 팩 우,농수축,100495,201499
463,구이 인하 소 전철 갈비살 10 팩 가격 우,농수축,100495,201496
464,국민 UHD UN 일 NU TV 7010 FXKR 시불 55 삼성,가전,100575,201749
465,국민 이자 무 UHD UN NU TV 7010 FXKR 55 삼성,가전,100575,201696
466,국밥 이만기의 리얼 27 3 팩 종,농수축,100831,202443
467,굿 11 터치 프렌드 너 클리,생활용품,100807,202373
468,굿 이자 파격 무 찬스 스트레칭 7 GOODA 프렌드 매트 안마,생활용품,100311,200994
469,굿 터치 프렌드 너 클리,생활용품,100807,202372
470,굿 파격 찬스 스트레칭 7 GOODA 일 프렌드 매트 시불 안마,생활용품,100311,200995
471,굿 파격가 스트레칭 7 GOODA 프렌드 매트 안마,생활용품,100311,200996
472,그렉 디보 티 트렌치코트 노먼 남성 컬렉션 1 종,의류,100377,201221
473,그렉 여성 디보 티 트렌치코트 노먼 컬렉션 1 종,의류,100377,201227
474,그렉 여성 폴로셔츠 노먼 5 종,의류,100377,201233
475,그렉 티셔츠 봄 노먼 컬렉션 남성 5 종,의류,100377,201223
476,그렉 티셔츠 아 노먼 남성 스킨 레이어 3 종,의류,100377,201224
477,그렉 티셔츠 여성 봄 노먼 컬렉션 5 종,의류,100377,201229
478,그렉 티셔츠 여성 아 노먼 스킨 레이어 3 종,의류,100377,201230
479,기 11 발 문어 올바로 샤워,생활용품,100320,201300
480,기 PAT 모 CERINI 니트 남성 3 패키지 풀 by 종,의류,100809,202395
481,기 라벨 모 티 남성 화이트 USPA 3 종,의류,100374,201212
482,기 리안 오렐 모 컬렉션 런닝 히트 스킨 패키지,속옷,100632,201942
483,기 맥스 전 렌인지 포터블 원적외선 세라,주방,100673,202016
484,기 모 밴딩 3 팬츠 크리스티나 앤코 종,의류,100459,201413
485,기 무선 핸드 손 웰 닥터 프리미엄 뷰 안마,생활용품,100060,200147
486,기 뱅뱅 GQE 774 종 남성 776 3 팬츠 772 데님 간절,의류,100127,200336
487,기 뱅뱅 모 남성 3 데님 종,의류,100129,200339
488,기 본 모 마르 엘라로 팬츠 사티 딩,의류,100351,201122
489,기 세트 발 1 문어 올바로 샤워,생활용품,100320,201301
490,기 약 모 남성 KSWISS 3 팬츠 종,의류,100250,200844
491,기 업 PAT 모집 CERINI 니트 남성 3 by 종,의류,100809,202375
492,기 여 라벨 모 티 화이트 USPA 3 성 종,의류,100374,201216
493,기 여 티셔츠 모 KSWISS 5 성 종,의류,100251,200855
494,기 여성 뱅뱅 KQE 251 종 255 3 팬츠 253 데님 간절,의류,100127,200346
495,기 여성 뱅뱅 모 3 데님 종,의류,100129,200349
496,기 전복 삼 마리 활 진도 25,농수축,100542,201623
497,기 킬 모 공 세트 포어 관리 레드 2 벨 끌,이미용,100633,201943
498,기 티셔츠 리스 아 모 남성 5 토우 종,의류,100342,201059
499,기 티셔츠 모 남성 KSWISS 5 종,의류,100251,200842
500,기 티셔츠 여성 테이 모 트 6 종,의류,100346,201077
501,기 티셔츠 테이 모 남성 트 6 종,의류,100346,201070
502,기기 메디 이자 자동 무 견인 목 쉴드,생활용품,100738,202165
503,기기 메디 자동 견인 목 일 쉴드 시불,생활용품,100738,202168
504,기능 세트 안전 1 페르소나 스틱 고,생활용품,100472,201440
505,기능 세트 안전 페르소나 스틱 고 2,생활용품,100472,201441
506,기능성 티셔츠 8 PAT CERINI 반 남성 by 팔 데이 올 종,의류,100809,202391
507,기능성 티셔츠 8 여성 PAT CERINI 반 by 팔 데이 올 종,의류,100809,202396
508,기모 락 트레스패스 남성 워킹화 방한화 다이얼 2 종,잡화,100163,200568
509,기모 롱 팰리스 세트 마담 베스트 3 웜 종,의류,100761,202216
510,기모 약 남성 KSWISS 3 팬츠 종,의류,100250,200838
511,기모 피치 팬츠 크리스티나 앤코,의류,100459,201425
512,김 도시락 봉 대 천 120 갓바위,농수축,100535,201613
513,김병만의 세트 달인 일 공구 시불,생활용품,100737,202167
514,김병만의 이자 무 세트 달인 공구,생활용품,100737,202164
515,김병지 국내 밀도 확장 코일 제작 매트 카 고 풀,생활용품,100025,200036
516,김병지 손 거미 확장 코일 매트 카 풀 일체형,생활용품,100025,200037
517,김치 kg 맛있는 포기 팽현숙 10,농수축,100767,202247
518,꿀잠 벨라 세트 홈 매트리스 타퍼 2 싱글 way,생활용품,100233,200796
519,나물 인분 곤드레 밥 셰프의 최인선 듬뿍 16,농수축,100023,200034
520,남녀 로이 롱패딩 몬스터 벤치 후드,의류,100481,201457
521,남성 1 USPA 퀼팅 자켓 종,의류,100375,201208
522,남성 NNF 3 터틀넥 종,의류,100453,201397
523,남성 덕 핫멜트 다운 3 트랙 르까프 종,의류,100107,200298
524,남성 베이스 컬럼비아 5 레이어 종,속옷,100596,201828
525,남성 셔츠 작 3 썸머 예 종,의류,100525,201595
526,남성 스포츠 3 팬츠 코몽트 종,의류,100417,201321
527,남성 스포츠 3 팬츠 타운 젠트 종,의류,100345,201067
528,남성 팬츠 젠트웰 2 스트레치 종,의류,100713,202083
529,냄비 IH 세트 실리만 하이브리드 일 후라이팬 시불 풀,주방,100709,202078
530,냄비 곰솥 세트 구성 3 에델코첸 스텐 컬러 종,주방,100473,201442
531,냄비 법랑 에지 세트 일 리 시불,주방,100769,202254
532,냄비 세트 구성 3 에델코첸 전골 스텐 컬러 종,주방,100473,201443
533,냄비 이자 무 IH 세트 실리만 하이브리드 후라이팬 풀,주방,100709,202077
534,냄비 이자 법랑 에지 무 세트 리,주방,100769,202249
535,냄비 자동 회전 쿡 램프,주방,100638,201956
536,냉수 매쉬 물 D 매트 3 마찰,생활용품,100675,202019
537,냉수 매쉬 물 세트 D 씽 1 매트 3 마찰 두,생활용품,100674,202017
538,냉수 매쉬 물 세트 D 씽 매트 3 마찰 2 두,생활용품,100674,202018
539,넥스 솔리드 멀티 식기 건조대 일 아이 시불,주방,100064,200158
540,노블 밍크퍼 시즌 역 베스트 마리,의류,100049,202047
541,노비 가죽 버킷백 줄리엣 소 1 토트백 종투숄더 종,잡화,100526,201596
542,노와 다지기 만능 멀티,주방,100656,201983
543,노트북 LG 980 LAR 15 일 1 그램 Z 인치 시불 DK,가전,100151,200496
544,노트북 이자 LG 무 980 15 1 그램 Z LAR 인치 DK,가전,100151,200429
545,놀 모나코 사 무,건강기능,100056,200140
546,놀 일 사 모나코,건강기능,100056,200141
547,농부의 석류 정직한,건강기능,100558,201655
548,농장 포 진액 유기 제주 120 양배추,건강기능,100651,201972
549,누스 무 바스 이 패키지 시공,가구,100076,200210
550,뉴욕 솜 수세미 행주 목화 항균 맘,주방,100467,201433
551,뉴욕 항균 맘 수세미,주방,100468,201435
552,뉴청맥 한솔 온 열 매트 카페트 대형,생활용품,100436,201351
553,뉴청맥 한솔 온 열 매트 카페트 점보,생활용품,100436,201352
554,뉴청맥 한솔 온 열 매트 특대 카페트,생활용품,100436,201353
555,닥터 루테인 슈퍼,건강기능,100309,200992
556,닥터 플러스 프리바이오틱스,건강기능,100310,200993
557,단 까사 마루 2 행거,생활용품,100134,200365
558,담백한 L 에어 프라이어 베스트 용량 대 더 하임 55,주방,100295,200957
559,담아 명품 100 포 다시 천연 팩,농수축,100582,201788
560,담아 명품 포 다시 120 천연 팩,농수축,100582,201789
561,당 도선 별 11 하우스 감귤 kg 귤로 3 제주 올레 박스,농수축,100349,201120
562,당 도선 별 11 하우스 감귤 kg 귤로 3 제주 올레 실속형 박스,농수축,100349,201119
563,대우전자 DWR 건조기 IDDC 일 03 미니 시불,가전,100289,200932
564,대우전자 DWR 건조기 IDWH 일 03 미니 시불,가전,100289,200933
565,대장대 영광군 수협 40 미 굴비,농수축,100566,201664
566,더블유 랫 폭스 카라 머스크 스킨 코트 베일 풀,의류,100336,201048
567,더탑 8 푸마 셀 언 드라이 패키지 기능성 종,속옷,100610,201948
568,더탑 푸마 언 코튼 9 종,속옷,100610,201906
569,데 W 남성 트레킹화 3 클라우드 일리 종,잡화,100005,200006
570,데 여성 W 트레킹화 3 클라우드 일리 종,잡화,100005,200007
571,데 트렌치코트 배색 나벨 체크 에르 일리,의류,100214,200760
572,데 홈웨어 푸마 세트 남아 주니어 기능성 일리,속옷,100611,201866
573,데 홈웨어 푸마 세트 여아 주니어 기능성 일리,속옷,100611,201893
574,도가니탕 세트 임성근의 풀 녹용,농수축,100202,200685
575,도어 S 9000 H RH 81 일 5 8011 M 9 시불 삼성 냉장고,가전,100574,201736
576,도어 이자 무 9000 H S RH 81 8011 5 M 9 냉장고 삼성,가전,100574,201683
577,동 구 전 밀리터리 공 스위스 세트,생활용품,100433,201346
578,동 에버 에어로 세트 남성 내의 라스트 3 기능성 웜,속옷,100280,200907
579,동 에버 여성 에어로 세트 내의 라스트 3 기능성 웜,속옷,100280,200908
580,동 융기 란 모 체티 남성 히팅 패키지 내의,속옷,100405,201290
581,동 융기 여성 란 모 체티 히팅 패키지 내의,속옷,100405,201291
582,동 융기 여성 퍼 융 모 히트 패키지 극세사 내의,속옷,100288,200923
583,동 융기 퍼 융 모 남성 히트 패키지 극세사 내의,속옷,100288,200921
584,동태 손질 400 궁중 g 포 새우 200 미,농수축,100026,200038
585,동태 손질 궁중 g 포 새우 200 미,농수축,100026,200039
586,두꺼비 젤 매 곰팡이 개 수세미 1 200 버블 매직,주방,100508,201568
587,두유 콩 베지밀 검은 팩 96,건강기능,100378,201235
588,두유 호두 콩 칼슘 아몬드 48 검은 고 팩,농수축,100046,200126
589,듀 티 코튼 5 블라우스 메이 종,의류,100387,201257
590,듀엣 프라다 선글라스,잡화,100037,200078
591,드럼 회 전기식 전통 일 쿡 시불 그릴,주방,100210,200753
592,드로즈 바로셀로나 시불라 일 패키지 FC 쉬반,속옷,100099,200273
593,드로즈 인견 투홀릭 풍기 실크 패키지 플러스 by,속옷,100279,200905
594,드로즈 카파 패키지 10 종,속옷,100604,201846
595,드로즈 패키지 푸마 썸머,속옷,100610,201887
596,드롱 테일러 마르 1 엘라로 사티 자켓 종,의류,100354,201138
597,드림 기 메디 이자 무 컬 롤링 970 KMD 마사지,생활용품,100115,200314
598,드림 기 메디 컬 롤링 일 970 KMD 시불 마사지,생활용품,100115,200315
599,든 인덕션 종 세트 후라이팬 실 5 바트 우,주방,100216,200762
600,디 비노 세트 선글라스,생활용품,100469,201436
601,디스틱 순금 g 13 목걸이 신 루이띠에,잡화,100788,202325
602,디스틱 순금 g 13 팔찌 신 루이띠에,잡화,100788,202326
603,디스틱 순금 g 골드바 13 목걸이 1 신 루이띠에,잡화,100788,202341
604,디스틱 순금 g 골드바 13 팔찌 1 신 루이띠에,잡화,100788,202342
605,디즈니 기모 맨 19 투맨 남성 3 FW 라운드 종,의류,100392,201267
606,디즈니 기모 여성 19 맨 투맨 3 FW 라운드 종,의류,100392,201268
607,디즈니 롱 19 벤치 FW 코트,의류,100394,201270
608,디지털 L 에어 프라이어 플라워 용량 대 키친 5,주방,100231,200819
609,따스림 붙이는 벽지 20 열 미터 단 제조 실크 국내,생활용품,100047,200129
610,따스림 붙이는 벽지 열 미터 단 제조 실크 10 국내,생활용품,100047,200127
611,따스림 붙이는 벽지 총 열 미터 단 제조 실크 2010 국내 30,생활용품,100047,200128
612,떡 황칠 궁 오 제 메기 g 개 봉 한라 40 주 60,농수축,100383,201251
613,떡 황칠 궁 오 호박 제 메기 개 20 봉 한라 40 주 2 봉팥 종,농수축,100383,201250
614,뜸부기 kg 20 서산 쌀,농수축,100706,202071
615,라벨 세트 히말라야 치약 화이트 DLG 핑크 생활 솔트 건강,생활용품,100328,201034
616,라벨 폴로셔츠 남성 화이트 USPA 2019 썸머 3 종,의류,100374,201371
617,라이스 13 먹는 오리 싸 주 원산 팩 슬,농수축,100544,201629
618,라이트 남성 쿨 3 썸머 헤비 추얼 데님 종,의류,100089,200240
619,라이트 드로즈 헤드 패키지 10 파이로 종,속옷,100618,201915
620,라이프 남성 쿨 3 썸머 헤비 추얼 데님 종,의류,100089,200241
621,라인 액티브 5 핏 마모트 하트 종,의류,100407,201294
622,라텍스 코코넛 싱글 매트리스 아룬싸왓 천연 슈퍼,생활용품,100823,202424
623,란쥬 7월 리안 오렐 인견 풍기 패키지,속옷,100629,201937
624,란쥬 8월 렉스 인견 풍기 뷰티플 패키지,속옷,100776,202268
625,란쥬 렉스 인견 풍기 뷰티플 패키지,속옷,100776,202267
626,란쥬 리안 오렐 인견 풍기 패키지,속옷,100629,201936
627,란쥬 아쿠아 LSX 쉐이퍼 패키지 엑스,속옷,100303,200968
628,란쥬 여성 감성 세트 인견 자연 풍기,속옷,100728,202125
629,란쥬 힐링 프릴 인견 풍기 레이,속옷,100192,200661
630,래 쉬톡 터치 속눈썹 원,이미용,100799,202363
631,럭셔리 브람스 일 의자 시불 안마,생활용품,100146,200407
632,럭셔리 이자 무 브람스 의자 안마,생활용품,100146,200406
633,레 노마 세트 산 우양 2 종,잡화,100034,200056
634,레깅스 푸마 치마 셀 3 드라이 종,속옷,100613,201876
635,레어 퀸 폼 파 메모리 로마 타퍼,생활용품,100595,201826
636,레어 킹 폼 파 메모리 로마 타퍼,생활용품,100595,201827
637,레어 폼 파 메모리 로마 타퍼 싱글 슈퍼,생활용품,100595,201825
638,레이스 마르 엘라로 썸머 사티 3 블라우스 종,의류,100354,201132
639,렉스 인견 브라 풍기 뷰티플 패키지,속옷,100776,202271
640,렉스 인견 풍기 뷰티플 2 원피스 종,속옷,100777,202273
641,렉스 탑 인견 브라 풍기 뷰티플 패키지,속옷,100776,202269
642,로 3 도로시 질리 원피스 종,의류,100647,201968
643,로라 샌들 투 웨이 엘르 뮬,잡화,100760,202213
644,로럴 플 마르 엘라로 썸머 사티 3 원피스 종,의류,100358,201139
645,로베르 ROBE 타 까 3 메리노 로베 토트백 디 종,잡화,100601,201841
646,로베르 SS 타 까 선글라스 2019 메리노 디,잡화,100677,202024
647,로베르 타 까 메리노 노벨라백 디 2 종,잡화,100600,201840
648,로베르 타 까 쿨 메쉬 지퍼란 메리노 패키지 디 쥬,속옷,100719,202109
649,로베르 타 레이스 까 지퍼 브라 메리노 팬티 디 올,속옷,100718,202108
650,로베르 타 종 까 세트 아쿠아 5 백 메리노 디 팩 마레,잡화,100600,201843
651,로브 세트 앙상블 크리스티나 앤코,의류,100460,201415
652,로아 여성 기모 뱅뱅 팬츠 밴 딩 벨,의류,100129,200350
653,로젠 행복 돌침대 볼 침대 싱글 황토,가구,100524,201592
654,로킹 라지 숄더 인터 핸들 GG 탑 구찌 체인,잡화,100036,200069
655,로킹 숄더 인터 핸들 GG 탑 구찌 체인 스몰,잡화,100036,200070
656,롤업 라라 재킷 쎄 1 쉬폰 종,의류,100479,201454
657,롤업 라라 재킷 쎄 세트 쉬폰 2 종,의류,100479,201455
658,롱 19 모피 대동 밍크 FW 코트 후드 패션,의류,100063,200153
659,롱 노블 19 밍크 마리 FW 코트,의류,100049,200132
660,롱 노블 밍크 마리 코트,의류,100049,202043
661,롱 노블 시즌 역 밍크 마리 코트,의류,100049,202045
662,롱 드로즈 옴니 7 컬럼비아 히트 패키지 종,속옷,100597,201836
663,롱 마르 엘라로 3 사티 블라우스 종,의류,100353,201127
664,롱 자수 라라 레이스 쎄 1 볼레로 패키지 2 원피스 종,의류,100480,201456
665,롱 코트 퀼팅 크리스티나 앤코,의류,100458,201424
666,롱 티지 퍼 폭스 레나 덕 다운 코트 헤스 후드,의류,100269,200885
667,롱구 스튜디오 럭스 스 다운 코트 후드,의류,100340,201057
668,롱패딩 라벨 디태처블 크롬 화이트 USPA,의류,100376,201211
669,롱패딩 라벨 디태처블 화이트 USPA,의류,100376,201210
670,롱패딩 여성 NNF 1 종,의류,100454,201404
671,롱패딩 폭스 퍼구스 다운 보코,의류,100816,202421
672,루나 네오 시즌 보루 탑 멀티 LED 침대 슈퍼 2 싱글 유로 수납형,가구,100205,200735
673,루나 네오 탑 보루 멀티 SS LED 침대 슈퍼 싱글 유로 수납형,가구,100205,200733
674,루시 4 탑 레이스 헨느 브라 글리터 종,속옷,100778,202275
675,루시 란쥬 레이스 헨느 홀리데이 패키지,속옷,100439,201357
676,루테인 종근당 매입 클리어 아이 직 건강,건강기능,100315,201002
677,리뉴얼 무빙 프릴 브라 팬티 맥시 커버 풀 레이,속옷,100193,200653
678,리뉴얼 미투니 황후의 하이 쿠 이스트 팬티 카 웨 코르셋,속옷,100779,202282
679,리뉴얼 이드로 파리 립스틱 컬렉션 리얼 마리 2019 레르 하 끌,이미용,100266,200880
680,리뉴얼 이드로 파리 립스틱 컬렉션 리얼 마리 레르 하 끌,이미용,100266,200881
681,리뉴얼 퍼 매직니 프릴 더블 팬티 FW 엑스 레이,속옷,100194,200650
682,리머 사이즈 저스트 코튼 마이 패키지 슬,속옷,100665,201998
683,리복 12 드로즈 델타 피트니스 종,속옷,100224,200776
684,리복 12 스피드 드로즈 종 윅,속옷,100224,200781
685,리복 8 트렁크 델타 피트니스 종,속옷,100224,200779
686,리복 델타 언더셔츠 6 패키지 종,속옷,100835,202452
687,리복 스피드 라이트 숏츠 브라 패키지 에어리 윅,속옷,100836,202453
688,리복 스피드 종 런닝 6 윅,속옷,100224,200783
689,리스 심 벨레즈 온 브라 캡 패키지 원피스,속옷,100348,201089
690,리스 플 덤블 자켓 코몽트 2 종,의류,100418,201322
691,리안 8월 오렐 세트 인견 풍기 2 원피스 종,의류,100631,201941
692,리안 오렐 세트 인견 풍기 2 원피스 종,의류,100631,201940
693,리안 오렐 탑 인견 브라 풍기 패키지,속옷,100630,201938
694,린 락 남성 RYN 히트 방한화 웜퍼 다이얼 2 종,잡화,100390,201262
695,린 스니커즈 뉴웨이브 남성 RYN,잡화,100389,201260
696,린 티 뉴 플러스 클레 메이커,주방,100658,201987
697,릴 PAT 렉스 CERINI 남성 3 팬츠 스프링 by 종,의류,100808,202378
698,릴 PAT 어반 렉스 CERINI 남성 3 팬츠 by 종,의류,100811,202381
699,릴 PAT 에어 렉스 CERINI 윈디 남성 3 팬츠 여름 by 종,의류,100808,202390
700,릴 기모 PAT 렉스 CERINI 남성 소프트 팬츠 by,의류,100808,202377
701,릴 기모 PAT 렉스 CERINI 남성 팬츠 by,의류,100808,202374
702,릴 렉스 벨라 체어 홈,생활용품,100234,200803
703,릴 본 렉스 페리 남성 임 3 팬츠 딩 얼 종,의류,100584,201792
704,릴 본 여성 렉스 페리 임 3 팬츠 딩 얼 종,의류,100584,201799
705,릴 차 렉스 뉴 28 보정 패키지 브라 라이크라 아키,속옷,100080,200217
706,릴 해피 X 콜 양면 싱크 분리 2 그릴 가능,주방,100518,201585
707,릴렉싱 아미니 풋 패키지 케어 풀,이미용,100710,202079
708,림 해피 콜 엑슬 블렌더,주방,100520,201587
709,링 카메라백 프라다 레터,잡화,100037,200079
710,마르 쿨 엘라로 썸머 사티 3 데님 종,의류,100357,201137
711,마르스 스니커즈 니트 삭스 쿨 온 슬립 시스,잡화,100159,200564
712,마르스 웨지 펌프스 와플 시스,잡화,100160,200565
713,마리노 유 협탁 캐슬,가구,100075,200206
714,마스크 이지스 자외선 세트,생활용품,100470,201437
715,마이크로 지갑 장 GG 플랩 구찌 단 씨마 2,잡화,100036,200065
716,마이크로씨 투 마 구찌 웨이백,잡화,100036,200067
717,마카롱 더블유 니트 5 소프트 베일 종,의류,100335,201046
718,마카롱 보온 이자 무 텀블러 보냉 세트 am,주방,100061,200149
719,마카롱 보온 텀블러 보냉 세트 일 시불 am,주방,100061,200150
720,마카롱 세트 보온병 am,주방,100061,200148
721,마크 로우 립스틱 시크 컨 글 컬러,이미용,100451,201393
722,만두 비비고,농수축,100621,201923
723,매 94 방역 KF 지 마스크 60 씨엔 코리아 용,생활용품,100227,200787
724,매 패치 팩총 에레키반 3 1300 자석 180,생활용품,100082,200221
725,매 패치 팩총 에레키반 6 1300 자석 360,생활용품,100082,200222
726,매립 구 스탠드 린 엣지 나이 3 가스레인지 압력솥,주방,100765,202226
727,매립 구 스탠드 린 엣지 나이 까 사니 3 가스레인지 압력솥,주방,100765,202225
728,매쉬 에어 편백나무 D 3 베개 대형,생활용품,100396,201273
729,매쉬 에어 편백나무 D 중형 3 베개,생활용품,100396,201274
730,매실 유기농 통 원 하동 액 6 처음,농수축,100589,201807
731,머루 농원 산 액 원,농수축,100840,202483
732,머리 곰탕 우소 세트 곰탕양 한 AAC,농수축,100013,200023
733,머리 곰탕 우소 한 AAC,농수축,100013,200017
734,머스켓 특등급 kg 수 23 김천 2 샤인,농수축,100741,202170
735,멀티 기라로 온 클립 쉬 선글라스,잡화,100186,200621
736,멀티 세트 1 까사 마루 행거,생활용품,100134,200359
737,멀티 세트 까사 마루 2 행거,생활용품,100134,200360
738,메가 종근당 오메가 3 프로 파워 건강,건강기능,100653,201982
739,메디아 클러치 카이만 가죽 소 글램 폼폼이 백 체인 숄더백 엠보,잡화,100734,202154
740,메디아 클러치 카이만 가죽 소 글램 폼폼이 백 토트백 엠보,잡화,100734,202155
741,메주 봉명인 전통 세트 수 천 선재,농수축,100708,202076
742,면도날 페이스 4 5 개입 코 도루,생활용품,100791,202352
743,명인 g x 육포 15 봉 40 임화자의,농수축,100035,200057
744,모션 청소기 LB 이자 무 VC 3150 44 M 파워 삼성,가전,100572,201720
745,모션 청소기 LB 일 VC 3150 44 M 시불 파워 삼성,가전,100572,201772
746,모자 남성 오델로 3 겨울 종,잡화,100197,200665
747,모자 스케라 세트 밍크니 마 팅,잡화,100678,202025
748,모자 여 오델로 2019 3 여름 성용 종,잡화,100196,200663
749,모자 여성 오델로 3 겨울 종,잡화,100197,200666
750,모자 여성 오델로 3 종,잡화,100197,200667
751,모자 차 오델로 3 겨울 2 종,잡화,100197,200664
752,무 K 가구 LED 서랍형 니 비 제 삼익 침대,가구,100500,201502
753,무 SS 가구 LED 서랍형 니 비 제 삼익 침대,가구,100500,201504
754,무 가구 LED 서랍형 니 비 제 삼익 침대 Q,가구,100500,201503
755,무 즙 농약 봉 비트 레드 90,건강기능,100562,201659
756,무 퍼니쿡 세트 기본 이자라니 그릴,주방,100096,200259
757,무 퍼니쿡 세트 이자라니 풀 그릴,주방,100096,200260
758,무빙 프릴 브라 팬티 맥시 커버 풀 레이,속옷,100193,200652
759,무선 이자 무 초기 2019년 충전식 타이거 예,생활용품,100763,202218
760,무선 이자 무 초기 개 2019년 충전식 1 배터리 타이거 예,생활용품,100763,202219
761,무선 초기 2019년 충전식 일 타이거 시불 예,생활용품,100763,202220
762,무선 초기 개 2019년 충전식 일 배터리 1 타이거 시불 예,생활용품,100763,202221
763,무스 리버시 탕 블 보코,의류,100816,202404
764,무스 마르 종 1 탕 엘라로 사티 에코,의류,100354,201135
765,무장 S 흙 수 침대,가구,100373,201190
766,무장 흙 수 침대 Q,가구,100373,201189
767,무장 흙 수 침대 싱글,가구,100373,201191
768,미니 퓨리 이자 LG 무 케어 공 청기 전자 용 휴대,가전,100153,200491
769,미니 퓨리 케어 LG 공 청기 일 시불 전자 용 휴대,가전,100153,200558
770,미란다백 프라다,잡화,100037,200081
771,미코 매트릭스 3 단 코 싱글 무자,생활용품,100174,200593
772,미코 매트릭스 더블 3 단 코 무자,생활용품,100174,200592
773,미투니 란쥬 리스 하이서 포트 심 쿠 팬티 카,속옷,100445,202281
774,미투니 란쥬 시 레이 쿠 패키지 카 웜,속옷,100445,201368
775,미투니 롱 하이 세트 쿠 팬티 카 웨스트,속옷,100444,201367
776,미투니 멀티 레이스 보정 라이크라 쿠 팬티 카,속옷,100779,202276
777,미투니 시 란 쿨 쿠 쥬쉐이퍼 팬티 카 레이,속옷,100445,202277
778,미투니 하이 세트 쿠 팬티 카 웨스트 코르셋,속옷,100444,201369
779,믹 냄비 new 스톤 통 주물 세트 에코라,주방,100088,200238
780,믹 냄비 스톤 통 주물 세트 에코라,주방,100088,200236
781,믹 데 11 세트 프라이팬 에코라 일리,주방,100087,200233
782,믹 데 세트 프라이팬 에코라 일리,주방,100087,200234
783,믹 모던 냄비 IH 세트 일 시불 에코라,주방,100086,200239
784,믹 모던 냄비 이자 무 IH 세트 에코라,주방,100086,200232
785,믹 스톤 컬링 세트 프라이팬 에코라,주방,100088,200235
786,밀덴홀 미듐 체인 크로스백 버버리,잡화,100039,200071
787,밀리터리 에어 스위스 프라이어 일 시불,주방,100366,201156
788,바디 카이만 안드레아 바나 숄더백 리얼 악어,잡화,100735,202158
789,바로 싱크대 통 기본 구성 거름 톡,생활용품,100208,200744
790,바로 싱크대 통 완벽 더블 구성 거름 톡,생활용품,100208,200749
791,바로 오 세 컬렉션 소스 메로 제 10 팩특 프라임 득,농수축,100521,201588
792,바이런 포도 원목 세트 종 캄 일 마 3 시불 호주 에코,주방,100676,202022
793,바이런 포도 이자 무 원목 대형 종 캄 1 마 호주 에코,주방,100676,202020
794,바이런 포도 이자 무 원목 세트 종 캄 마 3 호주 에코,주방,100676,202021
795,바이오틱 스 개월분 리얼 신 더 서울대 6 박스,건강기능,100784,202295
796,바치 가죽 소 마술 벨트 기능성,잡화,100232,200795
797,박스 에너지 마스크 6 실라 스틱 썬 그린 엘렌,이미용,100773,202259
798,반 산 바다 7 건조 미 오징어 국내 14 팩 먹자,농수축,100800,202364
799,반 신 킹스 스파 욕기 편백,생활용품,100421,201326
800,방한 패딩슈즈 남성 트레킹화 월드컵 2 종,잡화,100732,202131
801,방한 패딩슈즈 여성 트레킹화 월드컵 2 종,잡화,100732,202140
802,배관 용품 세트 청소 뚜러킹,생활용품,100636,201947
803,배추김치 이정섭의 kg 가린 비 10,농수축,100747,202187
804,밴드 11 선풍기 단순 생활 넥 용 휴대,생활용품,100842,202486
805,밴드 선풍기 단순 생활 넥 용 휴대,생활용품,100842,202485
806,밴드 세트 자세 바른 올바로 2 종,생활용품,100201,200684
807,뱀부 식기 건조대 일 파뷔에 시불 항균,주방,100474,201445
808,뱀부 이자 무 식기 건조대 파뷔에 항균,주방,100474,201444
809,뱅뱅 SS 남성 3 팬츠 썸머 2019 데님 종,의류,100130,200342
810,뱅뱅 봄 남성 3 팬츠 데님 종,의류,100127,200341
811,뱅뱅 아웃도어 SS 2018 남성 3 팬츠 종,의류,100131,200343
812,뱅뱅 아웃도어 SS 남성 3 팬츠 2019 종,의류,100127,200344
813,버켓 18 삭루츠 백 TQ,잡화,100489,201470
814,버켓 FW 18 삭루츠 백 TQ,잡화,100488,201466
815,베 사 코치 네트 첼백,잡화,100189,200632
816,베 코치 뉴 크로스백 네트,잡화,100189,200626
817,베스트 밍크퍼 마리 노블,의류,100049,202046
818,베스트 소프트 NNF 앙상블,의류,100452,201401
819,베스트 에어 하임 프라이어,주방,100295,200956
820,베스트 제이 메시 퀼팅코트퍼,의류,100369,201160
821,베이직 머플러 양면 구찌 울 씨마,잡화,100036,200068
822,벤트 개 1 리 의자 폴딩,생활용품,100133,200357
823,벤트 원목 테이블 확장형 세트 리,생활용품,100133,200358
824,벨리 베개 6 슬립 cm,생활용품,100645,201965
825,별미 김치 의 3 여름 AAC 종,농수축,100012,200021
826,병 모 어스 오메가 알티지 3 블랙 주 분 53,건강기능,100312,201006
827,병 야생화 아카시아 안심 농협 벌꿀 2 꿀,농수축,100740,202169
828,보국 11 P PR 히터 화이트 1083 레드 BKH 미니,생활용품,100136,200366
829,보국 11 PBKH P 히터 화이트 1083 BKH 미니,생활용품,100136,200367
830,보국 11 터 BKF F 세트 0 왕팬 윈큘 435 레이,생활용품,100137,200368
831,보국 P PR 세트 히터 1083 한 BKH 미니,생활용품,100136,200371
832,보국 에어컨 BKPF 무빙 22 19 R 에어 AC 젯,생활용품,100138,200370
833,보국 터 BKF F 세트 0 1 윈큘 왕팬 435 레이,생활용품,100137,200369
834,보닌 VONIN 세트 남성 기초,이미용,100327,201032
835,보닌 VONIN 세트 남성 워터 로션 기초,이미용,100327,201033
836,보령 조 TC 100 카우치 흙 소파 농방 이 황토,가구,100391,201309
837,보몽 SS 플 세트 엘리 소프트 란넬 침구 싱글 드 슈퍼,침구,100142,200389
838,보몽 리플 SS 시어서커 세트 샐비어 침구 드,침구,100139,200374
839,보몽 리플 시어서커 세트 샐비어 Q 침구 드,침구,100139,200373
840,보몽 리플 시어서커 세트 샐비어 침구 K 드,침구,100139,200372
841,보몽 아웃 착번 SS 세트 극세사 싱글 침구 헤르만 드 슈퍼,침구,100145,200405
842,보몽 자수 엘사 SS 시어서커 세트 쿨 침구 드,침구,100139,200393
843,보몽 자수 엘사 시어서커 세트 쿨 Q 침구 드,침구,100139,200391
844,보몽 자수 엘사 시어서커 세트 쿨 침구 K 드,침구,100139,200390
845,보온 이자 무 캔틴 텀블러 보냉 세트 베비 마이 풀,주방,100768,202248
846,보온 텀블러 캔틴 보냉 세트 일 베비 마이 시불 풀,주방,100768,202253
847,보코 풀코디 썸머 2 종,의류,100815,202411
848,보헤미안 가죽 마르스 슬리퍼 샌들 소 시스 뮬,잡화,100158,200562
849,본 기모 여성 루 이바 3 팬츠 딩 셋 웜 종,의류,100762,202217
850,본 뱅뱅 모 남성 딩기 3 데님 종,의류,100129,200340
851,본 여성 뱅뱅 모 딩기 3 데님 종,의류,100129,200351
852,본 죽 13 세트 팩 장조림 총 그때 쇠고기 그,농수축,100642,201961
853,볼로스 맛의 kg 1 고기 뒷 돈 2 반야월 명가,농수축,100361,201148
854,볼륨 18 생쥴랑 주얼리 컬렉션 오레 피 총 6 K 종,잡화,100033,200050
855,볼륨 스프레이 메종 고데기 시크릿라,이미용,100680,202028
856,볼륨 에어 롤업 매트리스 스칸디나비아 싱글,생활용품,100334,201043
857,봇 로봇청소기 일 물걸레 니 듀얼 진공 시불,생활용품,100379,201239
858,봇 이자 무 로봇청소기 물걸레 니 듀얼 진공,생활용품,100379,201238
859,부각 태각 티 각 봉 명물 6 30 속초 종,농수축,100792,202353
860,북 노트북 38 BW NT 스피커 일 5 EBEK 복합기 시불 삼성 550,가전,100577,201774
861,북 노트북 W NT 스피커 일 5 EBEK 복합기 시불 34 삼성 550,가전,100577,201775
862,북 이자 노트북 무 38 BW NT 스피커 EBEK 5 복합기 삼성 550,가전,100577,201721
863,북 이자 노트북 무 W NT 스피커 EBEK 5 복합기 34 삼성 550,가전,100577,201722
864,분말 히비스커스 티젠,건강기능,100826,202429
865,분쇄 용량 믹서기 대 레드 한일 스텐,주방,100255,200867
866,분쇄 용량 믹서기 대 한일 스텐,주방,100255,200868
867,브러쉬 볼륨 뉴 웨이,이미용,100685,202038
868,블라우스 인견 풍기 보코,의류,100822,202422
869,블랙스톤 인용 세 일 전기밥솥 쿠쿠 10,주방,100838,202481
870,블랙스톤 인용 세 일 전기밥솥 쿠쿠 6,주방,100838,202482
871,블랙스톤 인용 이자 무 전기밥솥 쿠쿠 10,주방,100838,202461
872,블랙스톤 인용 이자 무 전기밥솥 쿠쿠 6,주방,100838,202462
873,블랙스톤 인용 일 전기밥솥 쿠쿠 10 시불,주방,100838,202474
874,블랙스톤 인용 일 전기밥솥 쿠쿠 6 시불,주방,100838,202475
875,블랜딩 티지 티 5 블라우스 헤스 린넨 종,의류,100282,200911
876,블랜딩 티지 티 블라우스 10 헤스 린넨 종,의류,100282,200910
877,블럭 우드 칼 7 툴 일 키친 블랙 락앤락 시불 종,주방,100101,200284
878,블렌디드 듀 남성 온 슬립 메이 린넨,잡화,100386,201255
879,블렌디드 여성 듀 온 슬립 메이 린넨,잡화,100386,201256
880,블루투스 100 사운드룩 포터블 BT 턴테이블 LP SLT,생활용품,100176,200601
881,블루투스 데시벨 이어폰 1 BCSA 블루 콤,생활용품,100147,200408
882,블루투스 레스 LED 토닉 침대 서랍 싱글 슈퍼,가구,100594,201820
883,비데 노비타 스마트,생활용품,100501,201514
884,비데 뉴스 무료 노비타 파 일 제조 설치 국내 시불,생활용품,100501,201518
885,비데 이자 무 뉴스 무료 노비타 파 제조 설치 국내,생활용품,100501,201516
886,비데 파격가 스마트 무료 노비타 설치,생활용품,100501,201519
887,비데 파격가 스마트 세 무료 노비타 변기 정제 설치,생활용품,100501,201520
888,비비안 머스트 해 패키지 브라 남영 로즈버드 브,속옷,100694,202056
889,비비안 보정 윙 스킨 남영 듀얼 브라 로즈버드 패키지,속옷,100693,202055
890,비에날씬 12 모 다이어트 17 BNR 유산균 3 유유래 주 한국인 박스,건강기능,100299,200964
891,비텔로 삼각 프라다 로고 크로스백,잡화,100037,200083
892,비텔로 토트 프라다 라운드 숄더백,잡화,100037,200082
893,사 시 코치 레더 켈시 니 처 첼백 그,잡화,100189,200633
894,사 시 코치 켈시 니 처 첼백 그,잡화,100189,200638
895,사노 바디 카이만 숄더백 리얼 아르테 악어,잡화,100246,200825
896,사노 카이만 리얼 아르테 토트백 악어,잡화,100246,200827
897,사노 카이만 일 숄더백 리얼 아르테 테 악어,잡화,100246,200826
898,사용 구 불가 산 자연 미리 9 운 팩 바다장어,농수축,100644,201964
899,사운드룩 5080 오디오 올인원 턴테이블 LP SLT PRO,생활용품,100176,200600
900,사운드룩 오디오 BT 턴테이블 LP 7080 SLT,생활용품,100176,200599
901,사이더 엑 워킹머신,생활용품,100764,202222
902,사이즈 온 수 매트 일월 싱글 애 품안,생활용품,100372,201172
903,사파리 배색 재킷 보코,의류,100815,202410
904,산 7 꽃게 절단 피시원 국내 햇 팩,농수축,100492,201487
905,산골 강원도 더덕 10 무침 팩,농수축,100437,201354
906,샌들 세트 타 썸머 아가,잡화,100755,202205
907,샘 22 HG 이장 슬림 실버 붙박 무한 화이트 m,가구,100505,201528
908,샘 22 HG 이장 슬림 실버 붙박 일 화이트 m 한,가구,100505,201545
909,샘 HG 이장 슬림 실버 42 붙박 무한 화이트 m,가구,100505,201530
910,샘 HG 이장 슬림 실버 42 붙박 일 화이트 m 한,가구,100505,201547
911,샘 HG 이장 슬림 실버 붙박 무한 화이트 32 m,가구,100505,201529
912,샘 HG 이장 슬림 실버 붙박 일 화이트 32 m 한,가구,100505,201546
913,샘 IH 바흐 일 키친 프라이팬 한 시불,주방,100506,201566
914,샘 내추럴 무 하이 바스 한 기본형,가구,100502,201557
915,샘 내추럴 장 큰 하이 바스 무한 키 기본형,가구,100502,201558
916,샘 내추럴 장 큰 하이 바스 무한 키 하부장,가구,100502,201537
917,샘 내추럴 장 큰 하이 바스 일 키 한 기본형,가구,100502,201563
918,샘 내추럴 장형 하이 하부 바스 무한,가구,100502,201560
919,샘 내추럴 장형 하이 하부 바스 일 한,가구,100502,201565
920,샘 내추럴 하이 바스 일 한 기본형,가구,100502,201562
921,샘 슬라이딩 22 모데나 이장 붙박 무한 m 프리미엄,가구,100505,201531
922,샘 슬라이딩 22 모데나 이장 붙박 일 m 프리미엄 한,가구,100505,201548
923,샘 슬라이딩 모데나 이장 42 붙박 무한 m 프리미엄,가구,100505,201533
924,샘 슬라이딩 모데나 이장 42 붙박 일 m 프리미엄 한,가구,100505,201550
925,샘 슬라이딩 모데나 이장 붙박 무한 32 m 프리미엄,가구,100505,201532
926,샘 슬라이딩 모데나 이장 붙박 일 32 m 프리미엄 한,가구,100505,201549
927,샘 이자 무 IH 바흐 키친 프라이팬 한,주방,100506,201561
928,생 메디 콜라겐 앤서 마스크 팩,이미용,100178,200605
929,생 장 유산균 건강엔 광동,건강기능,100540,201621
930,샤워 클린 프리미엄,이미용,100824,202426
931,샴푸 족 차콜 선생 풋,이미용,100333,201042
932,샴푸 탈모 자 부스터 닥터스 오더 올,이미용,100628,201934
933,서장훈의 블럭 칼 도마 살균 일 락앤락 시불,주방,100103,200286
934,서장훈의 이자 무 블럭 칼 도마 살균 락앤락,주방,100103,200283
935,선글라스 SIDERAL DIOR,잡화,100184,200618
936,선글라스 오버 더블 G 구찌,잡화,100038,200061
937,선반 넥스 일 프리미엄 싱크 아이 시불 올스텐,주방,100066,200160
938,선반 넥스 프리미엄 싱크 아이 올스텐,주방,100066,200157
939,선반 이자 넥스 무 프리미엄 싱크 아이 올스텐,주방,100066,200156
940,선반 프리 모 3 단 폴딩,생활용품,100425,201334
941,선반 프리 모 5 단 3 폴딩,생활용품,100425,201337
942,선반 프리 모 5 단 폴딩,생활용품,100425,201336
943,성오가 여 닉 티셔츠 리스 아 토우,의류,100342,201062
944,성주 특집 황 스페셜 1 생식 이롬 1일,건강기능,100367,201157
945,세라믹 냄비 세트 IH 파뷔에,주방,100476,201447
946,세라믹 냄비 세트 더온 파뷔에,주방,100476,201448
947,세로 넥스 식기 건조대 일 아이 시불 카,주방,100065,200159
948,세로 이자 넥스 무 식기 건조대 아이 카,주방,100065,200155
949,세트 IH 가마솥 옛,주방,100724,202115
950,세트 SS 트레이닝 NNF,의류,100452,201394
951,세트 남성 워킹화 레코바 다이얼,잡화,100749,202190
952,세트 남성 트레킹화 월드컵 다이얼,잡화,100731,202136
953,세트 마르 베스트 엘라로 사티 3월 린넨,의류,100353,201130
954,세트 마르 베스트 엘라로 사티 린넨,의류,100353,201129
955,세트 벨리 베개 6 슬립 2 cm,생활용품,100645,201966
956,세트 산 수협 자연 제주 갈치 옥돔,농수축,100581,201787
957,세트 살 손질왕 바다 남해 꼬막,농수축,100434,201348
958,세트 앙상블 NNF 쉬폰 썸머,의류,100455,201402
959,세트 점퍼 니트 남성 젠트웰,의류,100712,202082
960,세트 퀵래쉬 속눈썹 앤 아이,이미용,100723,202114
961,센스 무선진 락 장기 일 공포 시불,주방,100408,201310
962,센스 무선진 이자 무 락 장기 공포,주방,100408,201295
963,센스 하우스 벽지 20 열 초특가 단 제조 실크 M 국내,생활용품,100238,200809
964,센스 하우스 벽지 열 초특가 단 제조 실크 M 10 국내,생활용품,100238,200811
965,센스 하우스 벽지 열 초특가 단 제조 실크 M 국내 30,생활용품,100238,200810
966,센스 하우스 빙박스 리 초특가,생활용품,100239,200812
967,셀럽 새치 시즌 클린 제 컬러 2 재 by 염색,이미용,100331,201039
968,셉템버 체크 다이아 리 빙박스 렌 압축 팩 가세,생활용품,100226,200785
969,션 남성 가이거 에디 블랙 워치 다이아몬드 용,잡화,100292,200944
970,션 남성화 면도기 1 갈란 프리미엄 에디 3 테 종,잡화,100748,202188
971,션 뉴트로 에어 드로즈 에디 패키지 라 쉬반,속옷,100099,200275
972,션 드로즈 바로셀로나 SET 에디 FC 라 쉬반,속옷,100098,200271
973,션 드로즈 에디 패키지 라 쉬반 레알마드리드,속옷,100099,200276
974,션 암 커튼 보노 송 화이트 에디 막 지나 대형,침구,100105,200293
975,션 암 커튼 보노 송 화이트 에디 특대형 막 지나,침구,100105,200296
976,션 암 커튼 보노 송 화이트 에디 특대형 막 지나 슈퍼,침구,100105,200294
977,션 암 커튼 보노 중형 송 화이트 에디 막 지나,침구,100105,200295
978,션 앵 클 타 부츠 1 올인원 플랫슈즈 에디 아가 종,잡화,100756,202208
979,션 앵 클 타 부츠 1 플랫슈즈 에디 아가 컬러풀 종,잡화,100758,202210
980,션 워치여 가이거 에디 블랙 다이아몬드 성용,잡화,100292,200945
981,션 캐리어 드로즈 에디 패키지 라 쉬반 레알마드리드,속옷,100099,200277
982,션 타 부츠 퍼슈즈 1 소프트 에디 아가 윈터 종,잡화,100757,202209
983,션 퍼펙트 남성 온 트레킹화 워킹화 3 에디 슬립 레코바 종,잡화,100750,202192
984,션 퍼펙트 여성 온 트레킹화 워킹화 에디 슬립 레코바,잡화,100750,202196
985,션 푸마 드로즈 에디 블랙 패키지,속옷,100610,201881
986,션 푸마 리스 심 드로즈 블랙 에디 패키지,속옷,100610,201886
987,션 푸마 패키지 에디 블랙 트렁크,속옷,100610,201907
988,션 프레 캐리어 에어 드로즈 쉬 에디 패키지 라 쉬반,속옷,100099,200278
989,션 해피 냄비 IH 콜 에디 진공 스텐,주방,100517,201584
990,셰퍼 청소기 데 봇 시 로봇청소기 파격할인 니 프리미엄 처 일리 그,생활용품,100379,201242
991,셰프 멀티 IH 핸즈 프라이팬 웨이,주방,100580,201785
992,셰프 멀티 IH 핸즈 프라이팬 웨이 신,주방,100580,201786
993,소피아 라지 사첼 마이클 어스 코,잡화,100187,200622
994,손 거미 차량 공기청정기 용,생활용품,100024,200035
995,손질 21 산 미 국내 통오징어,농수축,100511,201573
996,손질 21 산 자연 미 통오징어,농수축,100511,201575
997,손질 8 산 갑오징어 국내 팩,농수축,100322,201479
998,손질 8 산 피시원 문어 국내 햇 팩,농수축,100323,201489
999,손질 g 산 15 150 오징어 국내 팩,농수축,100511,201574
1000,손질 가자미 산 미 36 국내,농수축,100700,202065
1001,손질 매운탕 8 산 대구 피시원 국내 양념 팩,농수축,100491,201483
1002,손질 바다 문어 제주 7분,농수축,100833,202449
1003,손질 병어 26 산 미 국내,농수축,100701,202066
1004,손질 산 10 국내 팩 통오징어,농수축,100511,201572
1005,손질 산 7 꽃게 피시원 국내 팩,농수축,100492,201485
1006,손질 산 7 피시원 문어 국내 햇 팩,농수축,100323,201025
1007,손질 산 갑오징어 9 국내 팩,농수축,100322,201481
1008,손질 산 갑오징어 9 국내 햇 팩,농수축,100317,201665
1009,손질 산 갑오징어 피시원 9 국내 팩,농수축,100322,201024
1010,손질 산 미 16 국내 통오징어,농수축,100550,201637
1011,손질 산 바다 7 꽃게 국내 팩 먹자,농수축,100801,202365
1012,손질 산 바다 문어 9 국내 팩 먹자,농수축,100802,202366
1013,손질 산 특 갑오징어 6 大 국내 팩,농수축,100322,201482
1014,손질 산 피 23 꼬막 국내 팩,농수축,100828,202432
1015,손질 새꼬막 13 산 국내 팩,농수축,100827,202431
1016,손질 세트 생선 광어 고등어 대 3 제주 맛있는 갈치,농수축,100177,200603
1017,손질 찬 갈치 현대어,농수축,100523,201590
1018,손질 찬 현대어 갈치 14 팩,농수축,100523,201591
1019,솔 3일 구미 12 콜라겐 뉴 베리 트리원 전지현 주 분,건강기능,100382,201248
1020,솔 구미 24 콜라겐 뉴 더블 베리 트리원 전지현 주 분 6일,건강기능,100382,201249
1021,송도순의 홈밀 일 2 시불 세대 맷돌,주방,100527,201600
1022,송도순의 홈쿠 시즌 터치 일 원 탕기 시불 중 2,주방,100528,201602
1023,숄더 149524192 푸 미 크로스백 프로 에트로,잡화,100084,200229
1024,숄더백 생로랑 체인 벨드쥬르,잡화,100662,201993
1025,수련 기 무선 에어 무릎 온 열 SR 마사지 823,생활용품,100409,201298
1026,수산물 세트 3 제주 종,농수축,100652,201973
1027,수트 디즈니 남성 5 트랙 종,의류,100404,201288
1028,수트 디즈니 여성 5 트랙 종,의류,100404,201289
1029,수트 라벨 남성 화이트 USPA 트랙,의류,100374,201215
1030,수트 시 19 페플 Fall 컬렉션 베스트 제이 set 럼 니 3 처 그 종,의류,100095,200258
1031,수트 에어 남성 KSWISS 트랙 핏,의류,100251,200845
1032,수트 여성 라벨 화이트 USPA 트랙,의류,100374,201219
1033,수트 여성 에어 KSWISS 트랙 핏,의류,100251,200856
1034,수트 여성 패딩 19 KSWISS 트랙 FW 2 종,의류,100248,200832
1035,수트 여성 패딩 리스 아 세트 트랙 토우,의류,100341,201061
1036,수트 패딩 19 남성 KSWISS 트랙 FW 2 종,의류,100248,200830
1037,수트 패딩 리스 아 세트 남성 트랙 토우,의류,100341,201058
1038,수퍼 CH 1 블랙박스 캐치온 나인,생활용품,100471,201438
1039,수퍼 CH 블랙박스 캐치온 2 나인,생활용품,100471,201439
1040,순금 24 g 골드바 목걸이 375 999 K 루이띠에,잡화,100788,202323
1041,순금 24 g 골드바 목걸이 999 K 1875 루이띠에,잡화,100788,202321
1042,순금 24 g 팔찌 뱅글 스페이스 999 K 1875 루이띠에,잡화,100788,202322
1043,순금 g 골드바 375 루이띠에,잡화,100788,202328
1044,순금 g 골드바 70 루이띠에,잡화,100788,202330
1045,순금 g 귀걸이 헤라 375 루이띠에,잡화,100788,202327
1046,순금 g 컬렉션 헤라 루이띠에 4125,잡화,100788,202329
1047,순금 트리플 g 18 골드바 목걸이 1 루이띠에 크로스,잡화,100788,202343
1048,순금 트리플 g 18 골드바 팔찌 1 루이띠에 크로스,잡화,100788,202344
1049,순금 트리플 g 골드바 미라클 15 링 1 루이띠에,잡화,100788,202338
1050,순면 뉴욕 100 솜 행주 목화 맘,주방,100467,201434
1051,순면 보몽 SS 세트 수 침구 60 피그먼트워싱 드,침구,100140,200377
1052,순면 보몽 세트 수 Q 침구 60 피그먼트워싱 드,침구,100140,200376
1053,순면 보몽 세트 수 침구 K 60 피그먼트워싱 드,침구,100140,200375
1054,순면 볼륨 세트 리앤 카페트 코리아 대형,침구,100112,200308
1055,순면 볼륨 세트 리앤 카페트 특대형 코리아,침구,100112,200310
1056,순면 볼륨 세트 중형 리앤 카페트 코리아,침구,100112,200309
1057,순면 사이즈 온 더블 열 매트 일월,생활용품,100372,201168
1058,순면 사이즈 온 열 매트 일월 싱글,생활용품,100372,201170
1059,순면 온 더블 열 매트 일월,생활용품,100372,201166
1060,순면 온 더블 열 매트 일월 싱글,생활용품,100372,201167
1061,순면 유기농 매 94 KF 마스크 코튼 60 데이,생활용품,100450,201392
1062,쉐이핑 4 오 모 미라클 시즌 브라 팬티 떼,속옷,100305,200982
1063,쉐이핑 거들 프릴 인견 풍기 팬티 10 복부 레이 종,속옷,100192,200660
1064,쉐이핑 란쥬 로베르 타 까 지퍼 메리노 커브 디 드 360,속옷,100717,202101
1065,쉐이핑 란쥬 로베르 트리플 타 까 지퍼 메리노 커버 디,속옷,100717,202110
1066,쉐이핑 레깅스 푸마 셀 3 드라이 종,속옷,100613,201872
1067,쉐이핑 매쉬 스킨 브라 커버 패키지 풀 댄,속옷,100191,200647
1068,쉐이핑 업 란쥬 로베르 타 까 지퍼 Y 메리노 디 밸런스,속옷,100717,202102
1069,쉐이핑 업 란쥬 로베르 타 까 지퍼 메리노 패키지 디 밸런스,속옷,100719,202104
1070,쉐이핑 오 7월 모 브라 팬티 10 떼 종,속옷,100305,200984
1071,쉐이핑 오 모 리얼 스킨 브라 팬티 떼,속옷,100305,200977
1072,쉐이핑 오 모 미라클 시즌 브라 팬티 2 떼,속옷,100305,200980
1073,쉐이핑 오 모 미라클 시즌 브라 팬티 3 떼,속옷,100305,200981
1074,쉐이핑 오 모 브라 팬티 10 떼 종,속옷,100305,200983
1075,쉐이핑 오 모 시즌 널 브라 팬티 리지 2 떼,속옷,100308,200987
1076,쉐이핑 차 19 102 패키지 팬티 발레리 라이크라 종,속옷,100077,200212
1077,쉐이핑 프릴 쿨 네추럴 브라 패키지 레이,속옷,100193,200649
1078,쉐프 에어 프라이어 일 쿡 듀얼 매직 10 시불 리터,주방,100683,202035
1079,쉐프 플랫 일 매직 타입 전자레인지 시불,주방,100684,202037
1080,쉘 아문센 세트 남성 윈터 하드,의류,100222,200773
1081,쉘 여성 아문센 세트 윈터 하드,의류,100222,200774
1082,스니커즈 플 아일렛 트윙클 로쥬,잡화,100017,200027
1083,스마트 티 일 투 쿠첸 인원 시불 메이커,주방,100716,202096
1084,스마트 히팅맘 히터 리모컨 초특가,생활용품,100668,202009
1085,스케라 세트 머플러 밍크 마 스킨 풀,잡화,100678,202027
1086,스쿼트 뉴 2019년 숀리 일 시불 올 머신,생활용품,100368,201159
1087,스쿼트 이자 무 뉴 2019년 숀리 올 머신,생활용품,100368,201158
1088,스타 기 의류 LG 일 관리 시불 일러,가전,100154,200547
1089,스타 기 이자 LG 무 의류 관리 일러,가전,100154,200480
1090,스타 럭셔리 NEW GG 0232 선글라스 구찌 SK,잡화,100037,200059
1091,스타 무빙 보석 일 가이거 함 워치 다이아몬드 시불,잡화,100293,200947
1092,스타 무빙 이자 무 가이거 워치 다이아몬드,잡화,100293,200948
1093,스타 무빙 이자 무 보석 가이거 함 워치 다이아몬드,잡화,100293,200946
1094,스타 무빙 일 가이거 워치 다이아몬드 시불,잡화,100293,200951
1095,스탠드 모닝 선풍기 대웅 대 굿템 2 컴,생활용품,100794,202357
1096,스튜디오 니트 럭스 3 터틀넥 종,의류,100339,201056
1097,스페셜 도마 양면 파뷔에 항균,주방,100478,201451
1098,스페셜 세트 너 파뷔에 디,주방,100477,201449
1099,스페셜에디션 프라이팬 세트 파뷔에,주방,100475,201450
1100,스포 스 네츄럴 스틱 선 메틱,이미용,100211,200755
1101,스포 스 네츄럴 쿠션 선 그린 메틱,이미용,100211,200754
1102,스포츠 브라 LSX 팬티 라이크라 10 종,속옷,100304,200969
1103,슬라이더 지퍼백 이지엔,주방,100237,200807
1104,슬라이딩 네오 탑 보루 LED 델루나 침대 슈퍼 싱글 유로,가구,100205,200723
1105,슬라이딩 킹 네오 탑 보루 LED 델루나 침대 유로,가구,100205,200729
1106,슬리퍼 러닝화 월드컵 남성,잡화,100731,202130
1107,슬리퍼 에어 SS 러닝화 남성 월드컵 패션,잡화,100730,202128
1108,시 볼륨 비비안 처 보정 패키지 니 남영 브라 로즈버드 그,속옷,100693,202057
1109,시 워 아미니 구성 비노테라 1 오일,이미용,100711,202080
1110,시 워 아미니 구성 비노테라 오일 2,이미용,100711,202081
1111,시 코치 니 처 숄더백 그,잡화,100188,200634
1112,시 코치 사첼 켈시 니 처 그,잡화,100188,200636
1113,시 코치 에터 니 캐리 처 올 그,잡화,100189,200635
1114,시래기 간편 양구 15 강원도 팩,농수축,100698,202063
1115,시래기 간편 양구 들깨 강원도 무침,농수축,100698,202062
1116,시스 x 롤월 벽지 1 m 스티커식 실크 125,생활용품,100793,202354
1117,시스 x 롤월 벽지 m 3 스티커식 실크 125,생활용품,100793,202356
1118,시스 x 롤월 벽지 m 스티커식 실크 125 2,생활용품,100793,202355
1119,시즌 건조기 진나 살균 쿠 이프 케어 2,주방,100771,202257
1120,시즌 포 브로 틴트 듀얼 블링썸 우,이미용,100259,200873
1121,시트 LG 퍼퓸 건조기 드몽드 생활 건강,생활용품,100329,201035
1122,신일 에어컨 창문형,생활용품,100590,201808
1123,신일 이동식 에어컨,생활용품,100592,201810
1124,실루엣 보몽 SS 시어서커 세트 쿨 싱글 침구 드 슈퍼 풀,침구,100141,200381
1125,실루엣 보몽 킹홑 시어서커 세트 쿨 침구 이불 SK 드 슈퍼 풀,침구,100141,200380
1126,실루엣 퀸 보몽 시어서커 세트 쿨 Q 침구 드 풀,침구,100141,200379
1127,실루엣 킹 보몽 시어서커 세트 쿨 침구 K 드 풀,침구,100141,200378
1128,실버 IH 세트 산 탈 팬 로벤 국내,주방,100725,202116
1129,실버 인하 IH 세트 산 탈 팬 로벤 국내 가격,주방,100725,202117
1130,써큘 11 무선 터 세트 르젠 레이,생활용품,100393,201269
1131,써큘 무선 터 세트 르젠 1 레이,생활용품,100393,201271
1132,써큘 스탠드 터 DCC 일 신 블랙 SIFPC 30 레이,생활용품,100593,201813
1133,써큘 스탠드 터 일 화이트 PC TPO 신 60 레이,생활용품,100593,201815
1134,썸덱스 데 세트 팩 5 백 쉬룰 일리 종,잡화,100219,200767
1135,썸덱스 세트 여행 가방 9 클레오 종,잡화,100218,200768
1136,썸덱스 세트 여행 일 가방 10 시불 트로이카 종,잡화,100218,200769
1137,썸덱스 이자 무 세트 여행 가방 10 트로이카 종,잡화,100218,200766
1138,쎈 종근당 전립 프라임 건강,건강기능,100655,201981
1139,아놀드 티셔츠 레깅스 세트 파마,의류,100261,200875
1140,아덴 엘리자베스 SS 선글라스 2019 2 종,잡화,100185,201963
1141,아동 여성 폴로셔츠 반 USPA 3 팔 종,의류,100374,201205
1142,아동 폴로셔츠 반 남성 USPA 3 팔 종,의류,100374,201201
1143,아벨 로 시어서커 3 마르조 원피스 종,의류,100648,201969
1144,아웃도어 남성 KSWISS 3 팬츠 종,의류,100250,200837
1145,아이스 메쉬 풀코디 보코,의류,100817,202407
1146,아이스 타일러 블링썸 SET,이미용,100260,200874
1147,아이오 이자 무 장기 공포 진,주방,100371,201164
1148,아이오 장기 일 공포 시불 진,주방,100371,201165
1149,아주아 니트 앙상블 2 종,의류,100257,200871
1150,아침애 21 통 QISS 한 마시는 프리미어 끼 끌리다,농수축,100825,202427
1151,아침애 통 QISS 42 한 마시는 프리미어 끼 끌리다,농수축,100825,202428
1152,아트 건조대 공간 매직 대형,생활용품,100402,201286
1153,아트 세트 건조대 중소 종합 대 공간 초특가 매직,생활용품,100402,201311
1154,안국루테인 미니 박스 1005,건강기능,100624,201927
1155,안동간 고등어 20 2020 팩,농수축,100253,200863
1156,안동간 사이즈 13 고등어 특대 팩,농수축,100253,200862
1157,안지 청풍 대자리,침구,100447,201375
1158,알마 H 8988063 1 크로스백 라운드 에트로,잡화,100084,200227
1159,알파 청소기 스톰 센,생활용품,100051,200134
1160,암 샘 커튼 막 대형 세트 무한 레일 호텔식,침구,100503,201522
1161,암 샘 커튼 막 대형 세트 일 한 레일 호텔식,침구,100503,201539
1162,암 샘 커튼 막 세트 무한 특대형 레일 슈퍼 호텔식,침구,100503,201523
1163,암 샘 커튼 막 세트 무한 특대형 레일 호텔식,침구,100503,201525
1164,암 샘 커튼 막 세트 일 한 특대형 레일 슈퍼 호텔식,침구,100503,201540
1165,암 샘 커튼 막 세트 일 한 특대형 레일 호텔식,침구,100503,201542
1166,암 샘 커튼 막 세트 중형 무한 레일 호텔식,침구,100503,201524
1167,암 샘 커튼 막 세트 중형 일 한 레일 호텔식,침구,100503,201541
1168,암 이중 커튼 막 대형 레이스 데코 한스 샤를,침구,100120,200325
1169,암 이중 커튼 막 레이스 데코 특대형 한스 샤를,침구,100120,200328
1170,암 이중 커튼 막 레이스 데코 특대형 한스 슈퍼 샤를,침구,100120,200326
1171,암 이중 커튼 막 중형 레이스 데코 한스 샤를,침구,100120,200327
1172,암 이중 커튼 웨딩 로사 송 막 스타일 지나 대형,침구,100105,200289
1173,암 이중 커튼 웨딩 로사 송 특대형 막 스타일 지나,침구,100105,200292
1174,암 이중 커튼 웨딩 로사 송 특대형 막 스타일 지나 슈퍼,침구,100105,200290
1175,암 이중 커튼 웨딩 중형 로사 송 막 스타일 지나,침구,100105,200291
1176,앙 코 스마트 볼토 속 블렌더 일 비 초고 시불 코너,주방,100254,200866
1177,앙 코 이자 스마트 무 볼토 블렌더 비 초고 속 코너,주방,100254,200865
1178,앙상블 쿨 메쉬 썸머 보코,의류,100821,202418
1179,액티브 탑 헤드 브라 패키지,속옷,100617,201911
1180,앱 휘 후드 메일 할인 마르 밍크 엘라로 스킨 사티 코트 풀,의류,100352,201143
1181,약 패치 빠르 세트 통증 1 외신 카 중,생활용품,100625,201928
1182,약 패치 빠르 세트 통증 외신 카 2 중,생활용품,100625,201929
1183,양갱 4 맛밤 우리나라 개 20 봉밤,농수축,100565,201663
1184,양파 kg 마늘 1 창녕 듬뿍 6 삼계탕 팩,농수축,100588,201806
1185,어 가구 멀티 일 블러 LED 삼익 침대 싱글 슈퍼 수납형,가구,100500,201511
1186,어 무 가구 멀티 블러 LED 삼익 침대 싱글 슈퍼 수납형,가구,100500,201505
1187,어 세트 반 풀코디 시크릿 3 썸머 종,의류,100109,200303
1188,어 여성 V 스니커즈 글리 제옥스,잡화,100173,200591
1189,어 여성 스니커즈 글리 제옥스,잡화,100173,202215
1190,어반 남성 온 트레킹화 워킹화 3 슬립 레코바 종,잡화,100750,202191
1191,어성초 모 샴푸 더블,이미용,100262,200876
1192,얼리젼 도어 쉬풀 락 푸 일 밀레 시불,생활용품,100563,201661
1193,얼리젼 도어 이자 무 쉬풀 락 푸 밀레,생활용품,100563,201660
1194,얼티밋 캐리어 스 세트 7 백 코트 세인트 팩 종,잡화,100215,200761
1195,업 X 매 LG 화이트 생활 30 빨래 9 한장 테크 박스 건강,생활용품,100330,201038
1196,업 떼벨 란쥬쉐이퍼 헤스 웜,속옷,100124,200332
1197,업 로베르 에어 라이트 후크 타 까 브라 메리노 팬티 디 프론트,속옷,100720,202107
1198,업 로베르 타 까 바스 지퍼 트 메리노 브라 팬티 디 풀,속옷,100721,202111
1199,업 매 패치 수액 50 레스트 실속 패키지,생활용품,100626,201930
1200,업 매 패치 수액 레스트 84 패키지 풀,생활용품,100626,201931
1201,업 품 테이블 단 리프트 우아미,가구,100388,201258
1202,없는 뼈 하림 세트 양념 닭발,농수축,100499,201501
1203,에너지 매트 일월 카페트 특대형 점보 세이브,생활용품,100372,201173
1204,에버 글라스 텐 홈 다지기,주방,100804,202368
1205,에버 다드 2020 드로즈 종 라스트 스텐 104,속옷,100281,201011
1206,에버 드로즈 라스트 104 종,속옷,100281,201009
1207,에버 드로즈 종 초특가 라스트 104,속옷,100281,200909
1208,에버 마늘 일 스텐 홈 믹서기 박피 시불 대형,주방,100803,202370
1209,에버 이자 무 마늘 믹서기 홈 박피 스텐 대형,주방,100803,202367
1210,에버 제니스 백 라스트 3 팩 종,잡화,100482,201459
1211,에버 홈 그릴 직화,주방,100805,202369
1212,에스 닉 앙상블 보코,의류,100818,202412
1213,에스 에센스 까 르고 쿠션 커버 실라 엘렌,이미용,100319,201012
1214,에어 러닝화 남성 트레킹화 아쿠아 월드컵,잡화,100731,202132
1215,에어 러닝화 남성 트레킹화 월드컵 2 종,잡화,100731,202134
1216,에어 트레스패스 러닝화 남성 워킹화 2 종,잡화,100164,200569
1217,에어 프라이어 일 시불 프로 피쿡,주방,100427,201340
1218,에어컨 11 캐리어 걸이 벽 형 ARC VBC,가전,100068,200179
1219,에어컨 5773 WSR 무풍 R 슬림 멀티 일 홈 16 AF 시불 삼성,가전,100573,201761
1220,에어컨 5773 WSR 무풍 이자 슬림 무 R 멀티 홈 16 AF 삼성,가전,100573,201709
1221,에어컨 8 V 스탠드 이자 LG 무 FQ 17 1 WWJ 위너 휘센,가전,100149,200478
1222,에어컨 JK DOZS 걸이 대우전자 벽 일 시불 06,가전,100290,200934
1223,에어컨 JK DOZS 이자 무 걸이 대우전자 벽 06,가전,100290,200926
1224,에어컨 JK TDOZS 걸이 대우전자 벽 일 10 시불,가전,100290,200937
1225,에어컨 JK TDOZS 걸이 벽 쎄 클라 10,가전,100290,202245
1226,에어컨 JK 이자 무 걸이 대우전자 TDOZS 벽 10,가전,100290,200929
1227,에어컨 스탠드 5773 WSK 무풍 R 슬림 일 16 AF 시불 삼성,가전,100573,201760
1228,에어컨 스탠드 5773 WSK 무풍 이자 슬림 무 R 16 AF 삼성,가전,100573,201708
1229,에어컨 스탠드 V LG FQ 17 1 WWA 9 위너 휘센,가전,100149,200423
1230,에어컨 캐리어 SAWGH VA AMC 16 2,가전,100068,200188
1231,에어컨 캐리어 VA AMC 16 SAW 2,가전,100068,200187
1232,에어컨 캐리어 걸이 13 벽 형 ARC VBC,가전,100068,200181
1233,에어컨 캐리어 걸이 NQT 벽 형 일 ARC 6 시불 06,가전,100067,200170
1234,에어컨 캐리어 걸이 벽 7 형 07 ARC VBC,가전,100068,200184
1235,에어컨 캐리어 걸이 벽 7 형 07 일 ARC VBC 시불,가전,100067,200174
1236,에어컨 캐리어 걸이 벽 형 ARC 09 VBC 9,가전,100068,200186
1237,에어컨 캐리어 이자 무 걸이 NQT 벽 형 ARC 6 06,가전,100067,200162
1238,에어컨 캐리어 이자 무 걸이 벽 7 형 07 ARC VBC,가전,100067,200166
1239,에어컨 클래식 무풍 19 R 멀티 WZR 일 홈 7573 AF 시불 삼성,가전,100573,201765
1240,에어컨 클래식 무풍 R 멀티 WZR 17 일 홈 7573 AF 시불 삼성,가전,100573,201764
1241,에어컨 클래식 무풍 이자 무 19 R 멀티 WZR 홈 7573 AF 삼성,가전,100573,201713
1242,에어컨 클래식 무풍 이자 무 R 멀티 WZR 17 홈 7573 AF 삼성,가전,100573,201712
1243,에어컨 클래식 스탠드 WZK 무풍 19 R 일 7573 AF 시불 삼성,가전,100573,201763
1244,에어컨 클래식 스탠드 WZK 무풍 이자 무 19 R 7573 AF 삼성,가전,100573,201711
1245,에어컨 클래식 스탠드 WZK 무풍 이자 무 R 17 7573 AF 삼성,가전,100573,201710
1246,에이 셀프 10분 퍼머 뿌리 에이온,이미용,100681,202029
1247,에이 쇼퍼백 스틱 선 1001 유플러스 슈퍼,이미용,100362,201149
1248,에이 최저가 1004 스틱 선 유플러스 슈퍼,이미용,100362,201150
1249,에이 최저가 필링 유플러스 아이스크림,이미용,100363,201151
1250,에펨 남성 들퍼 미 부츠,잡화,100781,202285
1251,엑티브워시 WA 6781 kg 일 세탁기 N TG 시불 14 삼성,가전,100579,201769
1252,엑티브워시 WA 이자 무 6781 kg N TG 세탁기 14 삼성,가전,100579,201717
1253,엔셀라두스 밴딩 3 팬츠 종,의류,100783,202293
1254,엘 지갑 장 체크 버버리 모어,잡화,100039,200072
1255,엘로 엘 클린 아쿠아 마스크,이미용,100000,200000
1256,엘리스 페리 컬렉션 선글라스 3 YOUTH 2020 종,잡화,100313,200999
1257,여 11 순 살 수 갈치 팩,농수축,100513,201577
1258,여 돌산 7 갓김치 수 kg,농수축,100552,201639
1259,여 러닝화 트레킹화 월드컵 성,잡화,100731,202147
1260,여 세트 트레킹화 월드컵 다이얼 성,잡화,100731,202146
1261,여성 1 USPA 퀼팅 자켓 종,의류,100375,201209
1262,여성 19 EXR 리버시 블 FW 자켓,의류,100296,200960
1263,여성 19 KSWISS 벤치 FW 코트,의류,100249,200835
1264,여성 19 KSWISS 벤치 FW 코트 테크 웜,의류,100249,200836
1265,여성 19 SS 트레킹화 월드컵,잡화,100731,202145
1266,여성 19 라벨 폴로셔츠 SS 화이트 USPA 3 종,의류,100374,201199
1267,여성 19 멀티 세트 EXR 3 FW 패키지 종,의류,100297,200961
1268,여성 19 에어 러닝화 월드컵 FW,잡화,100729,202127
1269,여성 19 트레킹화 3 FW AAA 종,잡화,100006,200009
1270,여성 NEW 에펨 포트 슈즈 쥬얼 캐 컴,잡화,100781,202288
1271,여성 NNF 3 터틀넥 종,의류,100453,201405
1272,여성 가죽 구름 샌들 소 AAD,잡화,100018,200032
1273,여성 가죽 레 노마 장갑 양모 양 2 종,잡화,100034,200055
1274,여성 감성 자연 블라우스 2 종,의류,100727,202124
1275,여성 기모 락 트레스패스 워킹화 방한화 다이얼 2 종,잡화,100163,200572
1276,여성 덕 핫멜트 다운 3 트랙 르까프 종,의류,100107,200301
1277,여성 라벨 폴로셔츠 화이트 USPA 2019 썸머 3 종,의류,100374,201373
1278,여성 라이트 쿨 3 썸머 헤비 추얼 데님 종,의류,100089,200244
1279,여성 라이프 쿨 3 썸머 헤비 추얼 데님 종,의류,100089,200245
1280,여성 롱 종 1 벨트 코트 보코,의류,100819,202413
1281,여성 린 락 RYN 히트 방한화 웜퍼 다이얼 2 종,잡화,100390,201265
1282,여성 린 스니커즈 뉴웨이브 RYN,잡화,100389,201263
1283,여성 뱅뱅 SS 3 팬츠 썸머 2019 데님 종,의류,100130,200353
1284,여성 뱅뱅 봄 3 팬츠 데님 종,의류,100127,200352
1285,여성 뱅뱅 아웃도어 SS 2018 3 팬츠 종,의류,100131,200354
1286,여성 뱅뱅 아웃도어 SS 3 팬츠 2019 종,의류,100127,200355
1287,여성 베이스 컬럼비아 5 레이어 종,속옷,100596,201830
1288,여성 세트 워킹화 레코바 다이얼,잡화,100749,202194
1289,여성 세트 트레스패스 트레킹화 다이얼,잡화,100162,200571
1290,여성 슬리퍼 에어 SS 러닝화 월드컵 패션,잡화,100730,202129
1291,여성 아웃도어 KSWISS 3 팬츠 종,의류,100250,200851
1292,여성 어반 온 트레킹화 워킹화 3 슬립 레코바 종,잡화,100750,202195
1293,여성 에어 러닝화 트레킹화 아쿠아 월드컵,잡화,100731,202141
1294,여성 에어 러닝화 트레킹화 월드컵 2 종,잡화,100731,202144
1295,여성 에어 트레스패스 러닝화 워킹화 2 종,잡화,100164,200573
1296,여성 에펨 들퍼 미 부츠,잡화,100781,202292
1297,여성 에펨 샌들 로스 글,잡화,100782,202290
1298,여성 온 워킹화 월드컵 슬립,잡화,100731,202142
1299,여성 월드컵 러닝화 슬리퍼,잡화,100731,202139
1300,여성 위켄드 폴로셔츠 컬렉션 USPA 3 종,의류,100374,201207
1301,여성 종 1 울 코트 보코,의류,100816,202414
1302,여성 치 테이 SS 재킷 트 트렌,의류,100346,201076
1303,여성 캠프 7 셔츠 썸머 레드 패키지 기능성 종,의류,100682,202031
1304,여성 테이 니트 트 3 셀린 종,의류,100346,201079
1305,여성 티 종 3 블라우스 보코,의류,100820,202415
1306,여성 티 종 EXR 5 액 워터 티비,의류,100398,201282
1307,여성 티지 스타디움 자켓 헤스,의류,100268,200888
1308,여성 패딩 19 점퍼 퍼포먼스 EXR FW,의류,100298,200963
1309,여성 패딩 3 팬츠 팜스프링스 종,의류,100423,201330
1310,여성 패딩 퍼 세트 온 스프리스 부츠 슬립,잡화,100752,202201
1311,여성 패딩 페리 세트 임 코트 얼,의류,100586,201804
1312,여성 페리 니트 임 울 3 얼 블렌딩 종,의류,100585,201801
1313,여성 페리 임 3 팬츠 얼 스트레치 종,의류,100584,201800
1314,열무김치 깍두기 김치 옛날 kg 1 맛있는 포기 팽현숙 10,농수축,100767,202246
1315,열무김치 유 The 귀한 열의 갓김치 귀 kg 총 3 6,농수축,100167,200579
1316,영광 35 법성포 마리 굴비,농수축,100686,202042
1317,영광 떡 기피 100 生 70 개 동부 깨 모시 30 검정,농수축,100166,200576
1318,영광 떡 기피 80 生 개 동부 깨 50 모시 130 검정,농수축,100166,200577
1319,영광 떡 식혜 기피 검정 生 70 개 20 동부 깨 모시 보리 개찰 90,농수축,100166,200578
1320,영광 법성포 20 마리 굴비,농수축,100686,202040
1321,영산포 숙성 6 홍어회 팩,농수축,100637,201954
1322,영산포 숙성 7 홍어회 팩,농수축,100637,201955
1323,오 21 곡물 그대로 널 봉 구워 만든 10 리지,농수축,100016,200025
1324,오 8 데오 모 쿨 란쥬쉐이퍼 떼 종,속옷,100306,200972
1325,오 8월 모 시즌 레이스 홀릭 5 브라 팬티 10 떼 종,속옷,100305,200975
1326,오 네 에이지 원미닛 링클 리프트 젠 큐어,이미용,100247,200828
1327,오 데 모 후크 시즌 프런트 2 오브라 떼,속옷,100305,200988
1328,오 드레스 모 패키지 핏 쉐이퍼 웜 떼,속옷,100307,200973
1329,오 모 레이스 파운데이션 브라 떼,속옷,100305,200974
1330,오 모 브라 쉐이핑차 팬티 10 떼 종,속옷,100305,200985
1331,오 모 시즌 레이스 브래 홀릭 5 팬티 10 떼 종,속옷,100305,200976
1332,오 본 세 갈비탕 득,농수축,100522,201589
1333,오 업 모 시즌 레이스 5 패키지 도 텐션 떼 360,속옷,100305,200971
1334,오 에어 모 홀릭 브라 팬티 떼,속옷,100305,200986
1335,오 프레 데 모 후크 시즌 쉬 프런트 3 오브라 떼,속옷,100305,200989
1336,오가 12 닉 프릴 보정 코튼 팬티 레이 종,속옷,100195,200655
1337,오가 닉 기 약 테이 모 티 남성 트,의류,100346,201073
1338,오가 닉 기 여성 약 테이 모 티 트,의류,100346,201080
1339,오가 닉 노라인 세트 뷰티 코튼 브라 도 360,속옷,100441,201359
1340,오가 닉 란쥬 노라인 세트 뷰티 코튼 도 360,속옷,100440,201358
1341,오가 닉 란쥬 세트 레이스 뷰티 코튼 웜,속옷,100440,201360
1342,오가 닉 번 아웃 란쥬 세트 레이스 쿨 뷰티,속옷,100440,201361
1343,오가 닉 번 아웃 세트 레이스 쿨 뷰티 브라,속옷,100441,201364
1344,오가 닉 티셔츠 리스 아 남성 토우,의류,100342,201060
1345,오가 닉 티셔츠 여성 8 테이 트 종,의류,100346,201082
1346,오가 닉 티셔츠 테이 남성 트 6 종,의류,100346,201075
1347,오가 닉 프레 쉬 뷰티 코튼 패키지 팬티 맥시 10 종,속옷,100442,201365
1348,오가 쉐이핑 닉 8 황후의 뷰티 리얼 팬티 패키지 코르셋 종,속옷,100443,201366
1349,오븐 글라스 세트 일 락앤락 시불 유로,주방,100102,200285
1350,오슬로 IH 세트 프라이팬 제조 국내,주방,100085,200231
1351,온 남성 워킹화 월드컵 슬립,잡화,100731,202133
1352,온 수 매트 싱글싱글 일월 애 품안,생활용품,100372,201169
1353,온 수 매트 일월 퀸퀸 애 품안,생활용품,100372,201182
1354,온수 매트 일월 카페트 특대형 점보,생활용품,100372,201174
1355,온수 점보형 매트 일월 카페트,생활용품,100372,201176
1356,온수 중형 매트 일월 카페트,생활용품,100372,201178
1357,올리고 가스 와이드 레인지 그릴 기본형,주방,100097,200267
1358,올리고 가스 와이드 프리미엄형 레인지 그릴,주방,100097,200268
1359,올리고 가스 와이드 프리미엄형 레인지 일 시불 그릴,주방,100097,200264
1360,올리고 가스 와이드 프리미엄형 버팔로 이자 무 쿨러백 레인지 캠핑 그릴,주방,100097,200266
1361,올리고 가스 와이드 프리미엄형 버팔로 쿨러백 레인지 캠핑 일 시불 그릴,주방,100097,200270
1362,올리고 가스 와이드 프리미엄형 이자 무 레인지 그릴,주방,100097,200265
1363,올리고 가스 와이드 프리미엄형 일 시불 그릴,주방,100097,200269
1364,올인원 프로 블렌더 피쿡,주방,100429,201342
1365,옷 벨라 걸이 세트 논 홈 슬립,생활용품,100229,200799
1366,옷 벨라 걸이 세트 논 홈 제조 슬립 국내,생활용품,100229,200792
1367,와이드 NNF 팬츠 2 데님 종,의류,100456,201408
1368,와이드 SS 마르 엘라로 팬츠 사티,의류,100357,201145
1369,와이드 마르 엘라로 썸머 사티 팬츠 3 종,의류,100355,201133
1370,와이드 코펜하겐 세미 럭스 팬츠,의류,100343,201064
1371,와이어 비비안 노르 소 컬렉션 노 브라 남영 베르사유,속옷,100695,202058
1372,완도 120 앤김 산 봉 식탁,농수축,100549,201635
1373,완도 매 개 생이 30 장보고,농수축,100797,202360
1374,완도 전복 13 kg 활 꼬마,농수축,100548,201634
1375,완도 전복 특 미 大 활 1618,농수축,100639,201957
1376,완도 청정 전복 수산 사이즈 20 미 大 활,농수축,100832,202445
1377,완도 통 청정 전복 수산 세트 20 간장 미 활 2 전복장,농수축,100832,202448
1378,용기 닉 밀폐 오 나누담 제,주방,100772,202258
1379,용기 밀폐 17 생산 스텐락 심플 국내 스텐 종,주방,100001,200001
1380,용기 밀폐 스프 테이블 세트 온 리 더 비 락앤락,주방,100100,200279
1381,용기 아트 김장 용량 대 키친 용 스텐,주방,100240,200813
1382,용기 아트 밀폐 세트 키친 스텐,주방,100241,200817
1383,용기 아트 밀폐 스마트 20 키친 뷰 스텐 종,주방,100240,200814
1384,용기 아트 밀폐 스마트 키친 뷰 9 스텐 종,주방,100240,200816
1385,용기 웰스 밀폐 락 슬라이드 세트 터치 원 특허,주방,100411,201302
1386,용기 퍼플 클래식 밀폐 11 세트 형 2019년 유리 4조 16조 글라스락,주방,100571,201675
1387,용기 퍼플 클래식 밀폐 8조 세트 형 2019년 유리 글라스락,주방,100571,201674
1388,워시 온 식기세척기 터치 매직 SK 파워,주방,100533,201611
1389,원목 네오 델라 보루 거실장,가구,100204,200720
1390,웜셀 데 홈웨어 푸마 WARM 남성 6 용 CELL 일리 종,속옷,100614,201898
1391,웜셀 데 홈웨어 푸마 WARM 여 6 CELL 일리 성용 종,속옷,100614,201899
1392,웜셀 런닝형 4 푸마 탑 세트 브라 종,속옷,100612,201895
1393,웜셀 레깅스 기모 푸마 치마 3 종,속옷,100613,201894
1394,웜셀 레깅스 푸마 치마 퍼 3 종,속옷,100613,201897
1395,웜셀 티셔츠형 4 푸마 탑 세트 브라 종,속옷,100612,201896
1396,웜셀 푸마 WARM 탑 세트 브라 3 CELL 원피스 종,속옷,100615,201900
1397,웨어 4 기모 코몽트 웜 종,속옷,100414,201313
1398,웨어 4 리복 스피드 종 남성 패키지 웜 윅,속옷,100834,202451
1399,웨어 4 리복 여성 스피드 종 패키지 웜 윅,속옷,100834,202454
1400,웨어 라운지 세트 NNF,의류,100452,201400
1401,웨어 상하의 지 세트 6 이 코몽트 종,의류,100419,201324
1402,웨어 오 모 세트 떼 너 이 6 달 웜 종,속옷,100302,200979
1403,웨어 오 완벽 모 세트 더블 3 너 이 웜 달 떼,속옷,100302,200967
1404,웨어 지 몬테 이 밀라노 패키지 크루즈,속옷,100275,200904
1405,웨어 지 세트 이 크리스티나 앤코,의류,100462,201423
1406,웨어 트리 지 세트 인견 풀코디 썸머 풍기 실크 이,속옷,100284,200914
1407,웨어 트리 지 인견 풍기 이 실크 패키지 원피스,속옷,100285,200915
1408,웨어 하운드 멀티 종 6 썸머 기능성 알렉스,의류,100042,200115
1409,웨이백 투 프라다,잡화,100040,200112
1410,웰스 100 매 KF 방역 황사 마스크 94엔,생활용품,100316,201003
1411,위켄드 폴로셔츠 컬렉션 남성 USPA 3 종,의류,100374,201203
1412,유 The 귀한 무료 열의 소 귀 7 1 마리 한 체험 찜 팩,농수축,100172,200587
1413,유 귀한 갓김치 열의 귀 kg 5,농수축,100167,200588
1414,유 귀한 갓김치 열의 귀 kg 총각김치 총 3 6,농수축,100167,200589
1415,유 서랍장 5 단 마리노 캐슬,가구,100075,200203
1416,유 치마 The 귀한 열의 살 귀,농수축,100170,200584
1417,의자 마루 접이식 까사,생활용품,100135,200362
1418,이경제의 100 포 비트 레드 120 착즙,건강기능,100670,202012
1419,이경제의 포 진액 철갑상어 황제 120,건강기능,100671,202013
1420,이드로 파리 립스틱 컬렉션 리얼 마리 레르 하 마스카라 끌,이미용,100266,200882
1421,이모 8 빙박스 리 코 종,생활용품,100226,200789
1422,이자 LG 무 70 UK 울트라 TV 7400 KNA HD,가전,100148,200452
1423,이자 LG 무 75 UK 울트라 TV 7400 KNA HD,가전,100148,200458
1424,이자 LG 무 R 로보킹 전자 46 RIM 터보,가전,100156,200483
1425,이자 LG 무 S 75 온 SN 831 노크 전자 스페이스 매직 냉장고,가전,100155,200482
1426,이자 LG 무 전자 스페이스 매직 냉장고,가전,100155,200489
1427,이자 LG 통 돌이 무 세탁기,가전,100150,200465
1428,이자 넥스 솔리드 무 멀티 식기 건조대 아이,주방,100064,200154
1429,이자 도깨비 그릴 무,주방,100843,202487
1430,이자 무 75 UHD F UN NU TV 7050 삼성,가전,100575,201693
1431,이자 무 75 UHD UN NU TV 7010 FXKR 삼성,가전,100575,201691
1432,이자 무 B 건조기 DV kg 0 화이트 M 53 QW 9 90 삼성,가전,100576,201702
1433,이자 무 B 비어 건조기 DV kg 0 QV 케 블랙 M 53 9 90 삼성,가전,100576,201700
1434,이자 무 B 실버 QP 건조기 DV kg 0 M 53 이 90 9 녹스 삼성,가전,100576,201701
1435,이자 무 COVi 230 쿠첸 KGF 전자레인지 인버터,주방,100449,201382
1436,이자 무 UHD F UN NU 65 TV 7050 삼성,가전,100575,201688
1437,이자 무 UHD F UN NU TV 7050 55 삼성,가전,100575,201685
1438,이자 무 UHD UN NU 65 TV 7010 FXKR 삼성,가전,100575,201687
1439,이자 무 UHD UN NU TV 7010 FXKR 55 삼성,가전,100575,201684
1440,이자 무 건조기 세트 진나 살균 쿠 이프 케어 풀,주방,100771,202251
1441,이자 무 고급형 인덕션레인지 하이브리드 쿠쿠,주방,100839,202463
1442,이자 무 글라스 세트 락앤락 오븐 유로,주방,100102,200282
1443,이자 무 대우전자 IDDC 건조기 03 미니 DWR,가전,100289,200924
1444,이자 무 대우전자 건조기 IDWH 03 미니 DWR,가전,100289,200925
1445,이자 무 송도순의 홈밀 2 세대 맷돌,주방,100527,201597
1446,이자 무 송도순의 홈쿠 시즌 터치 원 탕기 2 중,주방,100528,201599
1447,이자 무 쉐프 에어 프라이어 쿡 듀얼 매직 10 리터,주방,100683,202032
1448,이자 무 쉐프 플랫 매직 타입 전자레인지,주방,100684,202034
1449,이자 무 에어 프라이어 프로 피쿡,주방,100427,201339
1450,이자 무 직수입 세트 핸즈 프랑스 프라이팬 매직 테팔,주방,100028,200041
1451,이자 무 코지 마 의자 오딧세이 안마,생활용품,100567,201666
1452,이자 무 쿠킹 하우 홈 진공 고속 블렌더 초,주방,100432,201345
1453,이자 무 클란츠 멀티 쿡,주방,100483,201460
1454,이자 무 플래티늄 파워 밸런스,생활용품,100360,201236
1455,이자 무 회 드럼 전기식 전통 쿡 그릴,주방,100210,200748
1456,이자 밀리터리 에어 스위스 무 프라이어,주방,100366,201155
1457,이자 스마트 무 티 투 쿠첸 인원 메이커,주방,100716,202091
1458,이자 우드 무 블럭 칼 7 툴 키친 블랙 락앤락 종,주방,100101,200281
1459,이자 제니스 무 세트 주얼리 시계 가이거,잡화,100293,200949
1460,이자 터 무 오스 텀블러 멀티 블 랜더,주방,100104,200287
1461,이정섭 직화 오리 바베큐,농수축,100746,202186
1462,인 벤치 접이식 까사 의자 마루 2,생활용품,100135,200361
1463,인견 투홀릭 패키지 풍기 실크 트렁크 플러스 by,속옷,100279,200906
1464,인분 냉면 전철 25 우,농수축,100785,202296
1465,인분 다시마 해초 슬림 세트 미인 25 국수,농수축,100514,201578
1466,인용 A 압력밥솥 일 1 쿠첸 6 시불,주방,100448,201388
1467,인용 A 압력밥솥 일 1 쿠첸 풀스텐 10 시불,주방,100448,202098
1468,인용 A 압력밥솥 일 1 쿠첸 풀스텐 10 시불 신제품 19년,주방,100448,201387
1469,인용 A 압력밥솥 일 1 쿠첸 풀스텐 6 시불,주방,100448,202100
1470,인용 A 이자 무 압력밥솥 1 쿠첸 10 풀스텐,주방,100448,202093
1471,인용 A 이자 무 압력밥솥 1 쿠첸 10 풀스텐 신제품 19년,주방,100448,201380
1472,인용 A 이자 무 압력밥솥 1 쿠첸 6,주방,100448,201381
1473,인용 A 이자 무 압력밥솥 1 쿠첸 6 풀스텐,주방,100448,202095
1474,인용 A 이자 압력밥솥 쿠무 1 쿠첸 10 풀스텐 신제품 19년,주방,100448,201376
1475,인용 A 이자 압력밥솥 쿠무 1 쿠첸 6,주방,100448,201377
1476,인용 A 쿠일 압력밥솥 1 쿠첸 6 시불,주방,100448,201379
1477,인용 A 쿠일 압력밥솥 1 쿠첸 풀스텐 10 시불 신제품 19년,주방,100448,201378
1478,인용 FGFS 107 전기밥솥 쿠쿠 CRPQS 10 2020,주방,100837,202460
1479,인용 QS FD 전기밥솥 쿠쿠 6 2020 0610 CRPP,주방,100837,202459
1480,인용 QS 일 전기밥솥 쿠쿠 10 시불,주방,100837,202480
1481,인용 QS 일 전기밥솥 쿠쿠 6 시불,주방,100837,202473
1482,인용 新 압력밥솥 쿠첸 10,주방,100448,201385
1483,인용 新 압력밥솥 쿠첸 6,주방,100448,201386
1484,인용 가죽 네오 보루 소 소파 일 피 연 3 천 올레,가구,100203,200703
1485,인용 가죽 네오 보루 소 소파 일 피 연 6 천 올레,가구,100203,200711
1486,인용 가죽 무 네오 보루 소 소파 피 연 3 천 올레,가구,100203,200686
1487,인용 가죽 무 네오 보루 소 소파 피 연 6 천 올레,가구,100203,200694
1488,인용 가죽 소파 연 3 천 우아미,가구,100388,201276
1489,인용 가죽 소파 연 6 천 우아미,가구,100388,201279
1490,인용 무 이자 전기밥솥 쿠쿠 6 냄 도,주방,100837,202456
1491,인용 무 이자 전기밥솥 쿠쿠 냄 도 10,주방,100837,202455
1492,인용 샘 클라이너 소파 무한 리 3 페이지,가구,100504,201534
1493,인용 샘 클라이너 소파 일 리 3 한 페이지,가구,100504,201551
1494,인용 샘 퍼스 티지 R 클라이너 뉴 일 리 3 한,가구,100504,201543
1495,인용 압력밥솥 일 쿠첸 10 시불,주방,100448,201390
1496,인용 압력밥솥 일 쿠첸 6 시불,주방,100448,201391
1497,인용 압력밥솥 일 쿠첸 풀스텐 10 시불,주방,100448,202097
1498,인용 이자 무 FGFS 전기밥솥 107 쿠쿠 CRPQS 10,주방,100837,202467
1499,인용 이자 무 QS 전기밥솥 6 쿠쿠,주방,100837,202470
1500,인용 이자 무 압력밥솥 쿠첸 10,주방,100448,201383
1501,인용 이자 무 압력밥솥 쿠첸 6,주방,100448,201384
1502,인용 이자 무 전기밥솥 6 쿠쿠,주방,100837,202468
1503,인용 이자 무 전기밥솥 쿠쿠 10,주방,100837,202465
1504,인용 일 전기밥솥 쿠쿠 10 시불,주방,100837,202478
1505,인용 일 전기밥솥 쿠쿠 6 냄 도 시불,주방,100837,202457
1506,인용 일 전기밥솥 쿠쿠 6 시불,주방,100837,202471
1507,인용 일 전기밥솥 쿠쿠 냄 도 10 시불,주방,100837,202458
1508,일 그릴 시불 도깨비,주방,100843,202488
1509,일 시불 휴롬퀵스퀴저,주방,100531,201607
1510,일 코지 마 의자 오딧세이 시불 안마,생활용품,100567,201667
1511,일이 누스 바스 패키지 시공,가구,100076,200211
1512,임파인 아 콜라겐 32 3 개월,건강기능,100623,201925
1513,임파인 아 콜라겐 32 6 개월,건강기능,100623,201926
1514,입 100 홍합 초록 환 뉴질랜드,건강기능,100220,200770
1515,입 8 호빵 13 혼합 삼립 봉 5 팥 한 SPC 야채,농수축,100722,202113
1516,입 꽃게 한 이 숙의 10 팩,농수축,100796,202359
1517,입 단일 호빵 13 삼립 봉 팥 한 SPC,농수축,100722,202112
1518,입 장어구이 한 10 팩 직화,농수축,100538,201618
1519,자 프라다 카드 카메라 크로스백,잡화,100037,200093
1520,자동 700 BW 삶통 빨래 한일,생활용품,100256,200870
1521,자동 코지 160 전자 마 혈압계 CBP 손목형,생활용품,100568,201668
1522,자라 무 드로즈 바로셀로나 이 패키지 FC 쉬반,속옷,100099,200272
1523,자미 코코 매트릭스 더블 일 3 단,생활용품,100174,200595
1524,자미 코코 매트릭스 일 3 단 싱글,생활용품,100174,200596
1525,자수 세트 워싱 효재 침구 광목 싱글 슈퍼,침구,100200,200675
1526,자수 세트 화원 워싱 효재 침구 광목 싱글 슈퍼,침구,100200,200679
1527,자외선 11 양산 노블 레비 세트 차단,잡화,100365,201153
1528,자외선 양산 노블 레비 세트 1 차단,잡화,100365,201154
1529,자켓 패딩 하운드 양모 퀼팅 알렉스,의류,100043,200118
1530,장 포 110 추억의 쥐치,농수축,100847,202506
1531,장 포 추억의 쥐치 55,농수축,100847,202507
1532,전 다리 두부 세트 잔,농수축,100015,200024
1533,전등 라이트 세트 브 1 LED 트 라이,생활용품,100217,200763
1534,전등 라이트 세트 브 LED 트 2 라이,생활용품,100217,200764
1535,전등 라이트 세트 브 LED 트 3 라이,생활용품,100217,200765
1536,전장 김 봉 27 갓바위,농수축,100535,201614
1537,점보형 에너지 매트 일월 카페트 세이브,생활용품,100372,201175
1538,정글 김병만의 세트 피싱 낚시,생활용품,100736,202163
1539,정장 남성 3 썸머 타운 팬츠 젠트 종,의류,100345,201068
1540,제 기간 연산 39 마리 주 바다자 돔,농수축,100537,201616
1541,제니스 세트 주얼리 일 시계 가이거 시불,잡화,100293,200952
1542,제이드 가구 교자상 800 노송 비취,생활용품,100789,202346
1543,제이드 가구 교자상 900 노송 비취,생활용품,100789,202347
1544,제이드 상감 가구 교자상 900 노송 비취 꽃,생활용품,100789,202348
1545,젠트웰 1 메쉬 통풍 자켓 스트레치 종,의류,100715,202090
1546,젤 스트립 네 NEW 코코 세트 ver 일 바바 2020,이미용,100399,201283
1547,젤 스트립 네 코코 SET 일 바바,이미용,100399,201297
1548,젯셋 라지 숄더 마이클 어스 아이템 체인 코,잡화,100187,200623
1549,종 베스트 퀼팅 터틀넥 2 보코,의류,100815,202419
1550,주얼 여성 스트랩 타 온 아가 슬립,잡화,100755,202206
1551,죽 세트 녹두 삼계탕 AAC,농수축,100014,200022
1552,중형 에너지 매트 일월 카페트 세이브,생활용품,100372,201177
1553,쥐포 11 장 110 옛날 팩 그,농수축,100841,202484
1554,즈 모 일 커피 시불 머신,주방,100209,200751
1555,즈 쑥클렌져 미 코 실라 엘렌,이미용,100314,201013
1556,즈 쑥클렌져펌핑기 미 코 실라 엘렌,이미용,100314,201014
1557,즈 오븐 모 일 미니 시불,주방,100209,200750
1558,즈 오븐 모 일 커피 미니 시불 머신,주방,100209,200752
1559,즈 이자 무 모 미니 오븐,주방,100209,200745
1560,즈 이자 무 모 커피 머신,주방,100209,200746
1561,즈 이자 무 모 커피 미니 오븐 머신,주방,100209,200747
1562,즈 코 클 하루 져단 일 쑥 미 렌 시불 실라 엘렌,이미용,100314,201001
1563,즈 클 이자 무 하루 져단 쑥 미 렌 코 실라 엘렌,이미용,100314,201000
1564,즙 포 석류 통째로 84 착즙한 루비,건강기능,100321,201023
1565,지 앤퀵 빗살 펌 파시노 이 뿌리,이미용,100446,201370
1566,지갑 생로랑 반 자수,잡화,100662,201995
1567,지퍼 프라다 크로스백 더블,잡화,100037,200076
1568,직수입 세트 핸즈 일 프랑스 프라이팬 매직 테팔 시불,주방,100028,200042
1569,진공청소기 New 물걸레 ALL 파워 스윙,생활용품,100397,201280
1570,집업 4 PAT CERINI 니트 남성 by 종,의류,100809,202392
1571,집업 가죽 티지 재킷 남성 양 헤스 마론,의류,100270,200892
1572,징 패드 클렌 더블 코튼 플러스,이미용,100672,202015
1573,징 패드 클렌 코튼 싱글 플러스,이미용,100672,202014
1574,차 11 푸마 7 언더셔츠 패키지 종,속옷,100599,201890
1575,차 11 푸마 세 7 20 일 언더셔츠 패키지 종,속옷,100599,201838
1576,차 18 후크 세트 레이스 5 브라 발레리 렛 프론트,속옷,100078,200214
1577,차 감탄 크로커다일 19 에어 CD 브라 스킨 패키지,속옷,100664,202003
1578,차 드로즈 카파 3 패키지 10 종,속옷,100605,201847
1579,차 란쥬 더블 보정 쉐이퍼 조끼형 아키 96,속옷,100081,200218
1580,차 랜덤 세트 레이스 추가 패키지 106 커버 라이크라 2 풀 아키,속옷,100080,200220
1581,차 레이스 패키지 106 커버 라이크라 풀 아키,속옷,100080,200219
1582,차 순면 데 100 푸마 7 5 언더셔츠 패키지 일리 종,속옷,100599,201952
1583,차 순면 데 100 푸마 7 언더셔츠 패키지 2 일리 종,속옷,100599,201882
1584,차 와이어 뉴 컬렉션 노 브라 23 라이크라 아키,속옷,100079,200215
1585,차 캣 푸마 시 와이어 셀 노 니 브라 드라이 패키지 처 14 그 종,속옷,100607,201950
1586,차 포트 핏 패키지 브라 16 커버 발레리 라이크라 풀 컴,속옷,100078,200213
1587,차 푸마 롱 리스 심 드로즈 1 INNO,속옷,100610,201861
1588,차 푸마 롱 리스 심 드로즈 1 INNO 9 종,속옷,100610,201864
1589,차 푸마 리스 심 드로즈 6 INNO,속옷,100610,201860
1590,차 헤드 언더셔츠 6 패키지 2 종,속옷,100598,201953
1591,차렵 자수 SS 세트 워싱 효재 침구 광목 동백,침구,100200,200674
1592,차렵 자수 세트 워싱 효재 침구 광목 K 동백,침구,100200,200672
1593,차렵 자수 세트 워싱 효재 침구 광목 Q 동백,침구,100200,200673
1594,참 뉴스 탑 지 링클 세트 이 기초 존,이미용,100766,202239
1595,참 소쿠리 세트 플라워 1 키친,주방,100243,200821
1596,참 소쿠리 세트 플라워 키친 2,주방,100243,200822
1597,참 육수 손질 100 낙지 바다 연포탕 미 양념장,농수축,100829,202434
1598,참 육수 손질 낙지 바다 연포탕 양념장,농수축,100829,202433
1599,참조기 12 산 국내 팩,농수축,100512,201576
1600,참조기 갈치 세트 제주,농수축,100812,202397
1601,창살 구이 이봉원 갈비살 안 정직한,농수축,100497,201498
1602,철판 궁중 10 해물 팩,농수축,100027,200040
1603,청도 말랭이 황 무료 총 봉 1 감 토방 체험 30 31,농수축,100646,201967
1604,청소기 A 950 IA 코드 무선 LG 958 더블 일 제로 시불 팩,가전,100152,200531
1605,청소기 A 950 IA 코드 무선 이자 LG 무 958 더블 제로 팩,가전,100152,200463
1606,청소기 A 코드 무선 940 LG 948 더블 일 제로 SA 시불 팩,가전,100152,200530
1607,청소기 A 코드 무선 LG 팩 일 938 제로 시불 싱글 RA 930,가전,100152,200529
1608,청소기 A 코드 무선 이자 LG 무 940 948 더블 SA 제로 팩,가전,100152,200462
1609,청소기 A 코드 무선 이자 LG 무 팩 938 제로 싱글 RA 930,가전,100152,200461
1610,청소기 모션 33 LD B 0 일 VC M 시불 파워 삼성 31,가전,100572,201728
1611,청소기 모션 LD 이자 무 B 0 VC M 33 파워 삼성 31,가전,100572,201676
1612,청소기 무선 라이트 에어포스 테팔,생활용품,100029,200043
1613,청소기 무선 필터 개 추가 1 바로바로,생활용품,100635,201946
1614,청소기 바로바로 무선,생활용품,100635,201945
1615,청소기 에센셜 에어포스 테팔 360,생활용품,100030,200044
1616,청소기 전용 철제 테팔 거치대,생활용품,100030,200045
1617,청소기 퀸 메이드 제로,생활용품,100126,200335
1618,체인백 세 생로랑 마틀라,잡화,100662,201992
1619,초당 2020 개 20 제주 옥수수 햇,농수축,100350,201121
1620,츄 로우 라라 틴트 바 아이브,이미용,100244,200823
1621,츄 볼륨 헤어 라라 쿠션,이미용,100245,200824
1622,치 테이 SS 재킷 남성 트 트렌,의류,100346,201069
1623,치 페리 남성 임 스트레 3 팬츠 얼 종,의류,100584,201793
1624,침실 X 유 가구 세트 매트리스 실속 마리노 캐슬,가구,100075,200204
1625,침실 유 가구 세트 매트리스 포함 풀 마리노 캐슬,가구,100075,200205
1626,카드 프라다 토트백 자,잡화,100040,200095
1627,카이만 가죽 도스 소 문 1 체인 숄더백 엠보 종,잡화,100742,202174
1628,카이만 가죽 도스 소 문 1 토트백 엠보 종,잡화,100742,202177
1629,카이만 가죽 도스 소 문 토트백 2 엠보 종,잡화,100743,202181
1630,카이만 무 안드레아 바나 리얼 토트백 악어,잡화,100735,202156
1631,카이만 안드레아 바나 리얼 토트백 악어,잡화,100735,202162
1632,카이만 안드레아 바나 숄더백 리얼 테일 악어,잡화,100735,202160
1633,카이만 안드레아 바나 일 리얼 토트백 악어,잡화,100735,202157
1634,카파 7 런닝 패키지 종,속옷,100604,201849
1635,카파 7 패키지 트렁크 종,속옷,100604,201853
1636,카파 런닝 패키지 9 종,속옷,100604,201851
1637,카파 언더셔츠 6 FW 패키지 종,속옷,100603,201845
1638,칼리 여성백 베이직 세트 3 종,잡화,100070,200191
1639,칼슘 온 더블 쿠션 미 바 이 파운데이션 RX,이미용,100118,200320
1640,캉 바두기 무선 에어 바리,생활용품,100175,200594
1641,캠프 남성 셔츠 7 썸머 레드 패키지 기능성 종,의류,100682,202030
1642,커버 시크릿 뮤즈 팩트,이미용,100045,200123
1643,커피포트 드립 핸드 박스 개 1 5 커피 10 오리진 싱글 맥널티 종,농수축,100116,200316
1644,커피포트 드립 핸드 박스 개 17 5 2 커피 오리진 싱글 맥널티 종,농수축,100116,200317
1645,코드 제니하우스 멀티 포트 제 염색 살롱,이미용,100059,200146
1646,코치 노리타 리스 틀릿,잡화,100188,200624
1647,코치 라일라 크로스백 더블,잡화,100189,200628
1648,코치 리스 틀릿,잡화,100189,200629
1649,코치 메신저 아이비 크로스백,잡화,100190,200641
1650,코치 미네 타 바디백 크로스,잡화,100189,200630
1651,코치 미아 숄더백 뉴,잡화,100189,200625
1652,코치 백 앤디 팩,잡화,100190,200642
1653,코치 사첼 엠마 라지,잡화,100189,200643
1654,코치 첼백 엠마 사,잡화,100189,200644
1655,코치 파일백 라인 아웃,잡화,100188,200640
1656,코치 플라이트백,잡화,100190,200645
1657,코트 가죽 롱 티지 미즈 양 헤스,의류,100271,200895
1658,코트 가죽 롱 티지 엘레나 콤비 라쿤 양 헤스,의류,100271,200897
1659,코트 가죽 티지 그레이스 양 헤스,의류,100271,200889
1660,코트 맥 남성 헤비 추얼 트렌치,의류,100090,200243
1661,코트 스니커즈 남성 스프리스,잡화,100751,202197
1662,코트 스니커즈 여성 스프리스,잡화,100751,202200
1663,코트 여성 맥 헤비 추얼 트렌치,의류,100090,200247
1664,콘체르토 이자 무 주얼리 가이거 3 워치 다이아몬드 종,잡화,100293,200950
1665,콘체르토 주얼리 일 가이거 3 워치 다이아몬드 시불 종,잡화,100293,200953
1666,콩국수 든든한 의 AAB,농수축,100009,200013
1667,쿠커 멀티 전기밥솥 셀렉 뚝배기 프로,주방,100264,200878
1668,쿠킹 하우 일 홈 진공 고속 시불 블렌더 초,주방,100432,201347
1669,쿨란쥬 트리 19 SS 인견 풍기 실크 패키지,속옷,100287,200919
1670,쿨란쥬 트리 인견 풍기 실크 패키지,속옷,100287,200917
1671,쿨러 에어 엣지 75 일 신 SIFP MD,생활용품,100591,201809
1672,쿨잠 SS 에브리 패드 세트 빙 슈퍼 싱글 기능성,생활용품,100119,200324
1673,퀵스퀴저 이자 휴롬 무,주방,100531,201605
1674,퀸 가죽 네오 탑 보루 일 침대 유로,가구,100205,200718
1675,퀸 가죽 무 네오 탑 보루 침대 유로,가구,100205,200701
1676,퀸 꿀잠 벨라 세트 홈 매트리스 타퍼 2 way,생활용품,100233,200798
1677,퀸 꿀잠 벨라 세트 홈 매트리스 타퍼 2 싱글 way,생활용품,100233,200797
1678,퀸 라텍스 사이즈 코코넛 아룬싸왓 천연,생활용품,100823,202425
1679,퀸 로젠 행복 돌침대 볼 침대 황토,가구,100524,201593
1680,퀸 루나 네오 시즌 보루 탑 멀티 LED 침대 2 유로 수납형,가구,100205,200737
1681,퀸 루나 네오 탑 보루 멀티 LED 침대 Q 유로 수납형,가구,100205,200732
1682,퀸 무장 흙 수 침대,가구,100373,201192
1683,퀸 보령 조 100 사이즈 흙 농방 이 침대 TQ 황토,가구,100391,201308
1684,퀸 보령 조 사이즈 카우치 흙 소파 농방 SET 이 침대 황토,가구,100391,201266
1685,퀸 보몽 아웃 착번 세트 극세사 Q 침구 헤르만 드,침구,100145,200403
1686,퀸 보몽 플 세트 Q 엘리 소프트 란넬 침구 드,침구,100142,200385
1687,퀸 볼륨 에어 롤업 매트리스 스칸디나비아,생활용품,100334,201044
1688,퀸 볼륨 에어 롤업 매트리스 스칸디나비아 싱글,생활용품,100334,201045
1689,퀸 블루투스 레스 LED 토닉 침대 서랍,가구,100594,201822
1690,퀸 비비안 노르 소 컬렉션 프리미엄 남영 브라,속옷,100695,202059
1691,퀸 사이즈 온 수 매트 일월 애 품안,생활용품,100372,201184
1692,퀸 슬라이딩 네오 탑 보루 LED 델루나 침대 유로,가구,100205,200726
1693,퀸 어 가구 멀티 일 블러 LED 삼익 침대 수납형,가구,100500,201512
1694,퀸 어 무 가구 멀티 블러 LED 삼익 침대 수납형,가구,100500,201506
1695,퀸 온 수 매트 일월 싱글 애 품안,생활용품,100372,201180
1696,퀸 유기농 즙 석류 6 네페르티티 박스,건강기능,100125,200334
1697,퀸 자수 세트 워싱 효재 침구 광목,침구,100200,200676
1698,퀸 자수 세트 화원 워싱 효재 침구 광목,침구,100200,200681
1699,퀸 쿨잠 에브리 패드 세트 빙 Q 기능성,생활용품,100119,200322
1700,퀸 토퍼 보몽 착번 세트 더블 극세사 Q 침구 드 카밀라,침구,100143,200395
1701,퀸 흙 일 침대 장수,가구,100373,201197
1702,퀼팅 기모 패딩 보코,의류,100814,202401
1703,큐 스팀 다리미,생활용품,100052,200135
1704,큐브 에지 리 프라이팬 스텐,주방,100770,202252
1705,큐브 에지 일 리 시불 프라이팬 스텐,주방,100770,202255
1706,큐브 이자 무 에지 리 프라이팬 스텐,주방,100770,202250
1707,큘 터 에어 모 1 리츠 서 레이 종,생활용품,100634,201944
1708,크 105 매 린조이 방역 황사 마스크 대형,생활용품,100798,202361
1709,크 105 매 소형 린조이 방역 황사 마스크,생활용품,100798,202362
1710,크 드로즈 옴니 컬럼비아 위 패키지 10 종,속옷,100597,201832
1711,크 머슬 옴니 컬럼비아 언더셔츠 6 위 종,속옷,100597,201834
1712,크넥 남성모 라벨 세트 화이트 USPA,의류,100374,201214
1713,크넥 여 라벨 모 세트 화이트 USPA 성,의류,100374,201218
1714,크롭 뱅뱅 아웃도어 SS 남성 3 팬츠 2019 종,의류,100132,200345
1715,크롭 여성 뱅뱅 아웃도어 SS 3 팬츠 2019 종,의류,100132,200356
1716,크리스티나 앤코 앙상블 시스루,의류,100461,201418
1717,크림 닉 헤어 세트 클리 살롱 샤이닝 컬러 트리트먼트,이미용,100265,200879
1718,크림 비버리힐스 세트 타 남성 선크림 폴로 센 클럽 아이 기초 플라,이미용,100074,200201
1719,크림 스포 이스 모 스 코코넛 리얼 핏 춰라 이징 메틱,이미용,100212,200756
1720,크림 약방 세트 피부 더 오리진,이미용,100541,201622
1721,크림 케어 AHC 링 스킨 커버 톤,이미용,100438,201355
1722,크림 팩트 콜라겐 5 달팽이 3 실라 엘렌,이미용,100774,202261
1723,클 라이닝 벨라 뉴 소파 리 홈,가구,100230,200793
1724,클라라 보몽 SS 플 세트 소프트 란넬 침구 싱글 드 슈퍼,침구,100144,200401
1725,클라라 퀸 보몽 플 세트 Q 소프트 란넬 침구 드,침구,100144,200399
1726,클라라 킹 보몽 플 세트 소프트 란넬 침구 K 드,침구,100144,200398
1727,클라라 킹 보몽 플 세트 소프트 란넬 침구 SK 드 슈퍼,침구,100144,200400
1728,클란츠 멀티 쿡 일 시불,주방,100483,201461
1729,클래식 무 카우치 흙 장수,가구,100373,201188
1730,클래식 카우치 흙 일 장수,가구,100373,201193
1731,클러치백 생로랑 벨드쥬르,잡화,100662,201994
1732,키즈 1 디 윈드브레이커 종,의류,100466,201432
1733,키즈 세트 썸머 디 상하,의류,100465,201428
1734,키즈 숏 3 팬츠 썸머 디 종,의류,100465,201429
1735,키즈 아동 재킷 리버시 1 블 디 종,의류,100463,201430
1736,키즈 움 스 점퍼 세트 성인 디 테디,의류,100464,201427
1737,키즈 움 아동 스 점퍼 세트 디 테디,의류,100464,201431
1738,키즈 재킷 성인 리버시 1 블 디 종,의류,100463,201426
1739,킹 가죽 네오 탑 보루 일 침대 유로,가구,100205,200719
1740,킹 가죽 무 네오 탑 보루 침대 유로,가구,100205,200702
1741,킹 골든 랍스터 1 크래커 미 점보 2 자이언트,농수축,100050,200133
1742,킹 루나 네오 시즌 보루 탑 멀티 LED 침대 2 유로 수납형,가구,100205,200739
1743,킹 루나 네오 탑 보루 멀티 LED K 침대 유로 수납형,가구,100205,200731
1744,킹 보몽 아웃 착번 SK 세트 극세사 침구 헤르만 드 슈퍼,침구,100145,200404
1745,킹 보몽 아웃 착번 세트 극세사 침구 K 헤르만 드,침구,100145,200402
1746,킹 보몽 자수 엘사 시어서커 세트 쿨 침구 SK 드 슈퍼,침구,100139,200392
1747,킹 보몽 플 세트 엘리 소프트 란넬 침구 K 드,침구,100142,200383
1748,킹 보몽 플 세트 엘리 소프트 란넬 침구 SK 드 슈퍼,침구,100142,200387
1749,킹 블루투스 레스 LED 토닉 침대 서랍,가구,100594,201824
1750,킹 사이즈 온 수 매트 일월 애 품안,생활용품,100372,201187
1751,킹 어 가구 멀티 일 블러 LED 삼익 침대 수납형,가구,100500,201513
1752,킹 어 무 가구 멀티 블러 LED 삼익 침대 수납형,가구,100500,201507
1753,킹 온 수 매트 일월 싱글 애 품안,생활용품,100372,201185
1754,킹 자수 세트 워싱 효재 침구 광목,침구,100200,200677
1755,킹 자수 세트 화원 워싱 효재 침구 광목,침구,100200,200683
1756,킹 쿨잠 에브리 패드 세트 빙 K 기능성,생활용품,100119,200321
1757,킹 쿨잠 에브리 패드 세트 빙 SK 슈퍼 기능성,생활용품,100119,200323
1758,탕 요일 강레오의,농수축,100551,201638
1759,터틀넥 기모 5 코몽트 종,의류,100415,201314
1760,텀블러 세트 믹서를 1 품은,주방,100627,201932
1761,텀블러 세트 믹서를 품은 2,주방,100627,201933
1762,텀블러 터 오스 멀티 일 블 랜더 시불,주방,100104,200288
1763,테라 에센스 오 널 피 실크 패키지 리지,이미용,100332,201040
1764,테라 즈 루미 사기 W 01 출력 일 피 LN 노 저 광선조 케어 시불,생활용품,100048,200131
1765,테라 즈 루미 사기 이자 무 W 01 출력 피 LN 노 저 케어 광선조,생활용품,100048,200130
1766,테이 니트 남성 트 3 셀린 종,의류,100346,201072
1767,테이블 세트 접이식 까사 마루,생활용품,100135,200363
1768,테일러 포트 스텔라 3 팬츠 스트레치 컴 종,의류,100569,201669
1769,토 삼각 테스 프라다 로고 크로스백,잡화,100037,200099
1770,토 샌들 타 웨지 부티 아가 오픈 뮬,잡화,100759,202212
1771,토 테스 버킷백 프라다 레터 링,잡화,100040,200098
1772,토 테스 프라다 쇼퍼백 체인,잡화,100037,200103
1773,토 테스 프라다 지퍼 토트백,잡화,100037,200102
1774,토트 Merci 시 세트 백 메르 엘르,잡화,100602,201844
1775,토트 YSL 로고 생로랑 숄더백,잡화,100662,201991
1776,토트 토 핸들 테스 탑 프라다 숄더백,잡화,100037,200108
1777,토트 프라다 카드 자 숄더백,잡화,100037,200094
1778,토트 핸들 탑 프라다 숄더백,잡화,100037,200097
1779,토퍼 보몽 착번 SS 세트 더블 극세사 싱글 침구 드 슈퍼 카밀라,침구,100143,200397
1780,토퍼 킹 보몽 착번 세트 더블 극세사 침구 K 드 카밀라,침구,100143,200394
1781,토퍼 킹 보몽 착번 세트 더블 극세사 침구 SK 드 슈퍼 카밀라,침구,100143,200396
1782,통 LG 돌이 WK TR 1 전자 화이트 세탁기 14,가전,100150,200427
1783,통 LG 돌이 일 세탁기 시불,가전,100150,200533
1784,통구이 바비큐 이자 무 스핀 쿠진 그릴,주방,100326,201028
1785,통구이 바비큐 일 스핀 시불 쿠진 그릴,주방,100326,201029
1786,통영 참굴 g 국내 x 바다의 산 냉동 200 10 보물 2 팩,농수축,100300,200965
1787,투 프라다 브릿지 선글라스,잡화,100037,200110
1788,트니 아이라이너 블링썸 데스,이미용,100258,200872
1789,트렁크 패키지 푸마 NEW,속옷,100610,201865
1790,트렁크 패키지 푸마 썸머,속옷,100610,201888
1791,트레스패스 세트 남성 트레킹화 다이얼,잡화,100162,200567
1792,트레일화 여성 온 월드컵 슬립,잡화,100731,202143
1793,트레일화 온 남성 월드컵 슬립,잡화,100731,202138
1794,트레킹화 다이얼 AAA 남성,잡화,100007,200010
1795,트레킹화 다이얼 AAA 여성,잡화,100007,200011
1796,트레킹화 러닝화 월드컵 남성,잡화,100731,202137
1797,트리 데 탑 지 인견 쿨 이 풍기 실크 패키지 일리,속옷,100283,200912
1798,트리 인견 쿨 메쉬 브라 풍기 실크 팬티 패키지,속옷,100286,200916
1799,트리원 구미 다이어트 뉴,건강기능,100055,200139
1800,트리플 스포 데베논앰 스 플 쿠션 이 샤이닝 메틱,이미용,100213,200758
1801,트리플 스포 스 시즌 쿠션 1 샤이닝 메틱,이미용,100213,200759
1802,티 니트 5 베이지 블라우스 디 모크넥 종,의류,100083,200223
1803,티 종 남성 EXR 5 액 워터 티비,의류,100398,201281
1804,티셔츠 7 남성 메쉬 코몽트 종,의류,100416,201315
1805,티셔츠 8 시즌 남성 1 코몽트 종,의류,100416,201319
1806,티셔츠 8 시즌 반 남성 팔 코몽트 2 종,의류,100416,201316
1807,티셔츠 8 프린트 남성 코몽트 종,의류,100416,201320
1808,티셔츠 PAT CERINI 남성 쿨 카라 5 썸머 by 종,의류,100810,202379
1809,티셔츠 기 모 세트 크리스티나 앤코,의류,100458,201414
1810,티셔츠 남성 6 너 이 코몽트 종,의류,100416,201318
1811,티셔츠 남성 7 너 이 코몽트 종,의류,100416,201317
1812,티셔츠 디즈니 19 SS 반 6 팔 스웻 종,의류,100403,201287
1813,티셔츠 여성 쿨 카라 5 썸머 르까프 종,의류,100108,200300
1814,티셔츠 여성 테이 모 트 6 달 종,의류,100346,201078
1815,티셔츠 여성이 KSWISS 5 너 종,의류,100251,200861
1816,티셔츠 종 KSWISS 5 너 남성이,의류,100251,200850
1817,티셔츠 테이 모 남성 5 트 달 종,의류,100346,201071
1818,티셔츠형 푸마 DRYDELL 탑 브라 패키지 기능성,속옷,100609,201859
1819,티슈 26 벨라 잡는 행주 홈 세균 팩,주방,100235,200805
1820,티슈 벨라 잡는 17 행주 홈 세균 팩,주방,100235,200804
1821,티지 스타디움 남성 자켓 헤스,의류,100268,200884
1822,티톡 여자를 팥물 100 위한 포 레드 빈 빨강,건강기능,100666,202005
1823,티톡 여자를 팥물 위한 포 50 레드 빈 빨강,건강기능,100666,202006
1824,팜 파 해 죽순 리얼니,건강기능,100622,201924
1825,패딩 19 점퍼 퍼포먼스 남성 EXR FW,의류,100298,200962
1826,패딩 남성 1 코트 젠트웰 종,의류,100712,202088
1827,패딩 남성 3 팬츠 팜스프링스 종,의류,100423,201329
1828,패딩 남성 점퍼 NNF,의류,100454,201398
1829,패딩 리버시 블 크리스티나 앤코,의류,100458,201417
1830,패딩 세트 3 코몽트 종,의류,100420,201325
1831,패딩 재킷 세트 남성 젠트웰 2 종,의류,100712,202087
1832,패딩 점퍼 리버시 블 보코,의류,100814,202406
1833,패딩 점퍼 여성 NNF,의류,100454,201406
1834,패딩 퍼 세트 남성 온 스프리스 부츠 슬립,잡화,100752,202198
1835,패딩 페리 세트 남성 임 코트 얼,의류,100586,201796
1836,패딩 하운드 세트 양모 퀼팅 알렉스,의류,100043,200116
1837,패딩 하운드 양모 팬츠 퀼팅 알렉스,의류,100043,200120
1838,패밀리 매쉬 에어 편백나무 D 3 베개,생활용품,100396,201275
1839,패치 OK 근육통 완화 동전,생활용품,100400,201284
1840,패키지 스칼프 솔루션 트리트먼트,이미용,100267,200883
1841,팩 소 갈비탕 소들 녘 10,농수축,100199,200671
1842,팬지 세트 후라이팬 초특가 파뷔에 대형,주방,100475,201446
1843,퍼 NNF 베스트 쿠션 자켓,의류,100454,201409
1844,퍼 부츠 아동 스프리스,잡화,100752,202199
1845,퍼니쿡 시불라니 세트 기본 일 그릴,주방,100096,200262
1846,퍼니쿡 시불라니 세트 일 풀 그릴,주방,100096,200263
1847,퍼스트 달바 세 인텐 화이트 럼 시브 트러플,이미용,100529,201603
1848,퍼펙트 란쥬 프릴 핏 패키지 레이,속옷,100192,200658
1849,퍼펙트 미투니 클린 레이스 쿠 브라 팬티 카,속옷,100780,202280
1850,퍼펙트 스타 볼륨 리스 일러 바비,이미용,100381,201247
1851,페리 니트 남성 임 울 3 얼 블렌딩 종,의류,100585,201794
1852,페리 페이톤 크로스백 홀스 버버리,잡화,100039,200073
1853,페이스 11 세트 면도기 5 코 도루,생활용품,100791,202350
1854,페이스 세트 면도기 5 1 코 도루,생활용품,100791,202351
1855,페이스 재킷 NNF 더블 베스트 쿠션,의류,100454,201399
1856,포기 8 김치 kg 송도순 깐 2 백김치,농수축,100545,201631
1857,포기 김치 kg 삼채 10 AAC,농수축,100012,200016
1858,포기 김치 kg 송도순 깐 10,농수축,100545,201630
1859,포드 선글라스 톰,잡화,100037,200074
1860,포트 세트 몬테 브라 팬티 밀라노 앤핏 55 컴,속옷,100278,200903
1861,포트 온 AAD 슬립 도트펀칭 컴,잡화,100019,200029
1862,푸 미 크로스백 프로 에트로 149324192,잡화,100084,200230
1863,푸 이스트백 미 33324192 웨 프로 에트로,잡화,100084,200228
1864,푸마 7 언더셔츠 패키지 종,속옷,100599,201889
1865,푸마 뉴 런닝 드라이 셀라인 9 종,속옷,100610,201880
1866,푸마 롱 리스 심 드로즈 7 INNO 종,속옷,100610,201863
1867,푸마 복합 세트 에센셜 7 구성 DRYCELL 브라 팬티,속옷,100607,201855
1868,푸마 세트 에센셜 7 구성 DRYCELL 브라 팬티 스킨,속옷,100607,201856
1869,푸마 셀 세트 브라 퓨징 드라이 패키지,속옷,100607,201879
1870,푸마 슬림 라이트 DRYCELL 퓨징 브라 패키지,속옷,100608,201858
1871,푸마 시 트렁크 코튼 니 처 9 그 종,속옷,100610,201884
1872,푸마 시 트렁크 코튼 패키지 니 처 그,속옷,100610,201885
1873,풀컵 와이드 푸마 세트 7 DRYCELL 브라 팬티 14 종,속옷,100607,201857
1874,풀코디 니트웨어 보코,의류,100815,202403
1875,품 오토만 단 스툴 우아미,가구,100388,201259
1876,퓨리 DAW LG AS 공기청정기 181 일 케어 시불,가전,100153,200534
1877,퓨리 이자 LG 무 AS 공기청정기 181 DAW 케어,가전,100153,200466
1878,프라다 사 피아노 스퀘어백,잡화,100037,200091
1879,프라다 숄더 버킷백,잡화,100037,200092
1880,프라다 토 크로스백 테스,잡화,100040,200104
1881,프레 푸마 드로즈 쉬 미 패키지 들,속옷,100610,201909
1882,프레임 원목 네오 델라 세트 보루 3 베드룸 매트리스,가구,100204,200721
1883,프레임 원목 네오 델라 세트 보루 일 화장대 베드룸 협탁 2,가구,100204,200716
1884,프레임 원목 무 네오 델라 세트 보루 화장대 베드룸 협탁 2,가구,100204,200699
1885,프레임 협탁 원목 네오 델라 세트 보루 일 1 화장대 베드룸 매트리스,가구,100204,200715
1886,프레임 협탁 원목 무 네오 델라 세트 보루 1 화장대 베드룸 매트리스,가구,100204,200698
1887,프로스펙스 드로즈 퍼포먼스 패키지 2020,속옷,100424,201331
1888,프로스펙스 퍼포먼스 런닝 패키지 2020,속옷,100424,201332
1889,프로스펙스 퍼포먼스 패키지 트렁크 2020,속옷,100424,201333
1890,프리 로베르 컷 타 까 지퍼 메쉬 브라 메리노 팬티 디,속옷,100718,202103
1891,프리 로베르 컷 타 까 코튼 마 브라 메리노 수피 팬티 디,속옷,100718,202105
1892,프리미엄형 이자 무 인덕션레인지 하이브리드 쿠쿠,주방,100839,202464
1893,프리미엄형 인덕션레인지 하이브리드 일 쿠쿠 시불,주방,100839,202477
1894,프리지아 안단티노 헤어 솝 베리 49800 컬러,이미용,100806,202371
1895,프릴 런닝 보정 5 시크릿 썸머 패키지 레이 종,속옷,100192,200654
1896,프릴 쿨 런닝 보정 레이,속옷,100192,200656
1897,프릴 쿨 브라 핏 패키지 레이,속옷,100193,200662
1898,플 삭루츠 여행 가방 백 더 49 TQ,잡화,100489,201469
1899,플 세트 썸머 크리스티나 리츠 앤코,의류,100460,201420
1900,플래티늄 일 시불 파워 밸런스,생활용품,100360,201237
1901,플래티늄 파워 밸런스,생활용품,100360,201147
1902,플렉시블 마르스 웨지 펌프스 시스,잡화,100161,200566
1903,피닉스 비텔로 프라다 모터백,잡화,100037,200086
1904,피닉스 비텔로 프라다 보스턴,잡화,100037,200088
1905,피닉스 비텔로 프라다 토트백,잡화,100040,200089
1906,피닉스 프라다 숄더백 토트,잡화,100037,200113
1907,하루 메가 D 종근당 오메가 단 3 비타민 프로 파워 건강,건강기능,100653,201974
1908,하이 어메이징 몬테 팬티 핏 밀라노 10 웨스트 종,속옷,100276,200901
1909,한라봉 1 제주 천혜향 2 박스,농수축,100744,202182
1910,한빛 셔닐 페르시안 카페트 스타일 대형,침구,100813,202398
1911,한빛 셔닐 페르시안 카페트 특대형 스타일,침구,100813,202400
1912,한빛 셔닐 페르시안 카페트 특대형 점보 스타일,침구,100813,202399
1913,한삼인 A 홍 삼진 순 7 일 1 백 시불 박스,건강기능,100054,200138
1914,한삼인 A 홍 이자 무 순 7 1 백 삼진 박스,건강기능,100054,200137
1915,한우 12 유 The 귀한 열의 귀 한판 팩,농수축,100171,200585
1916,할리 인견 마리 풍기 2 원피스 종,의류,100110,200304
1917,할매 낙곱새 세트 조방 6 팩,농수축,100274,200899
1918,해뜰찬 kg 7 김치 별미,농수축,100183,200616
1919,해뜰찬 kg 김치 포기 10,농수축,100183,200617
1920,해장국 8 팩 양평,농수축,100011,200015
1921,해피 IH 콜 팬 양면,주방,100519,201586
1922,해피 냄비 IH 일 콜 스텐 진공 시불,주방,100517,201582
1923,해피 냄비 아르마 IH 일 콜 이드 시불,주방,100515,201583
1924,해피 냄비 이자 무 아르마 IH 콜 이드,주방,100515,201579
1925,해피 이자 크로커다일 무 IH 후라이팬 콜,주방,100516,201580
1926,해피 크로커다일 IH 후라이팬 일 콜 시불,주방,100516,201581
1927,핸드백 카이만 가죽 SS 도스 소 문 1 엠보 종,잡화,100742,202179
1928,핸드백 카이만 가죽 도스 소 문 1 엠보 종,잡화,100742,202178
1929,핸드백 카이만 가죽 시즌 도스 소 문 1 종역 엠보,잡화,100742,202180
1930,행복 카우치 로젠 돌침대,가구,100524,201594
1931,행주 세균 싹 티슈,주방,100294,200954
1932,헤드 브라 팬티 커버 패키지 리지 풀,속옷,100619,201921
1933,헤드 언더셔츠 6 패키지 종,속옷,100598,201913
1934,헤링본 러그 리앤 카페트 대형,침구,100111,200305
1935,헤링본 러그 리앤 카페트 특대형,침구,100111,200307
1936,헤링본 러그 리앤 카페트 특대형 점보,침구,100111,200306
1937,헤링본 발렌티노 빙박스 리 6 루디 종,생활용품,100226,200786
1938,헤비 라이프 지 남성 3 팬츠 이 추얼 데님 종,의류,100089,200242
1939,헤비 여성 라이프 지 3 팬츠 이 추얼 데님 종,의류,100089,200246
1940,헤어드라이어 기 무선 파격가 봇 로봇청소기 뉴 물걸레 니 진공,생활용품,100379,201240
1941,헤어드라이어 기 무선 파격가 봇 로봇청소기 폴 더블 물걸레 니 진공,생활용품,100379,201241
1942,호보백 프라다 토 테스,잡화,100037,200109
1943,호일 L 에어 프라이어 종이 스퀘어 프로 55 피쿡,주방,100428,201341
1944,홀 PAT 에어 CERINI 남성 3 팬츠 by 종,의류,100808,202387
1945,홍어 8 영산포 통 숙성 3 무침 팩,농수축,100702,202074
1946,홍어 영산포 13 숙성 팩,농수축,100702,202072
1947,홍어 영산포 숙성 9 팩,농수축,100702,202073
1948,홍어 영산포 통 숙성 산 1 6 국내 무침 팩,농수축,100702,202067
1949,화장 유 세트 대 마리노 거울 캐슬,가구,100075,200207
1950,황태 대리 하늘 마리 10 용 내린,농수축,100844,202489
1951,황태 대리 하늘 미 10 용 내린,농수축,100844,202491
1952,후 세트 플라워 레쉬 키친 그린,주방,100242,200818
1953,후라이팬 탈 핑크 로벤 파스텔,주방,100725,202118
1954,휘 11월 하프 메일 마르 나파 밍크 엘라로 스킨 사티 코트 풀,의류,100352,201126
1955,휘 메일 하이 마르 밍크 1 엘라로 스킨 사티 코트 풀 넥 종,의류,100352,201144
1956,휘 하프 메일 마르 나파 밍크 1 엘라로 스킨 사티 코트 풀 종,의류,100352,201125
1957,휘 후드 메일 마르 밍크 엘라로 스킨 사티 코트 풀,의류,100352,201141
1958,휴롬 쁘띠 이자 무 2 착즙기,주방,100530,201604
1959,휴롬 쁘띠 일 시불 착즙기 2,주방,100530,201606
1960,흔 영양 명인 무료 개 김규 강정 5 의 바 60 체험,농수축,100165,200575
1961,흙 일 침대 Q 장수,가구,100373,201194
1962,흙 일 침대 싱글 장수,가구,100373,201196
1963,흥양 밥상 kg 20 멋진 농협 쌀,농수축,100849,202510
1964,흥양 밥상 햅쌀 20 kg 멋진 농협,농수축,100849,202512
1965,흥양 밥상 햅쌀 20 kg 멋진 농협 19년,농수축,100849,202509
